
 ██          ██   ██         ██████████                              ██             ██
░██         ░░   ░██        ░░░░░██░░░                      ██████  ░██            ░██
░██ ███████  ██ ██████          ░██      █████  ██████████ ░██░░░██ ░██  ██████   ██████  █████
░██░░██░░░██░██░░░██░  █████    ░██     ██░░░██░░██░░██░░██░██  ░██ ░██ ░░░░░░██ ░░░██░  ██░░░██
░██ ░██  ░██░██  ░██  ░░░░░     ░██    ░███████ ░██ ░██ ░██░██████  ░██  ███████   ░██  ░███████
░██ ░██  ░██░██  ░██            ░██    ░██░░░░  ░██ ░██ ░██░██░░░   ░██ ██░░░░██   ░██  ░██░░░░
░██ ███  ░██░██  ░░██           ░██    ░░██████ ███ ░██ ░██░██      ███░░████████  ░░██ ░░██████
░░ ░░░   ░░ ░░    ░░            ░░      ░░░░░░ ░░░  ░░  ░░ ░░      ░░░  ░░░░░░░░    ░░   ░░░░░░
Spring Boot Version: v3.2.5
Template Base Info:
- Application Name: spring-boot-init-template
- Server Domain: http://127.0.0.1
- Server Port: 38080
- Servlet Context Path: /api

2026-03-08T03:14:15.841+08:00  INFO 1111147 --- [spring-boot-init-template] [           main] t.s.s.MainApplication                    : Starting MainApplication vv2.2.1-jdk17-pre using Java 17.0.18 with PID 1111147 (/root/.openclaw/workspace/project/yyk/backend/target/spring-boot-init-template-v2.2.1-jdk17-pre-dev.jar started by root in /root/.openclaw/workspace)
2026-03-08T03:14:15.860+08:00 DEBUG 1111147 --- [spring-boot-init-template] [           main] t.s.s.MainApplication                    : Running with Spring Boot v3.2.5, Spring v6.1.6
2026-03-08T03:14:15.862+08:00  INFO 1111147 --- [spring-boot-init-template] [           main] t.s.s.MainApplication                    : The following 1 profile is active: "dev"

___                     _  _            ___
  | __|   __ _     ___    | || |   ___    | __|    ___
  | _|   / _` |   (_-<     \_, |  |___|   | _|    (_-<
  |___|  \__,_|   /__/_   _|__/   _____   |___|   /__/_
_|"""""|_|"""""|_|"""""|_| """"|_|     |_|"""""|_|"""""|
"`-0-0-'"`-0-0-'"`-0-0-'"`-0-0-'"`-0-0-'"`-0-0-'"`-0-0-'
----------------------------------------------------------->
:: project   :: Easy-Es                                    >
:: version   :: 2.0.0                                      >
:: home      :: https://easy-es.cn/                        >
:: community :: https://dromara.org/                       >
:: wechat    :: 252645816, add and become muscle man!      >
----------------------------------------------------------->
2026-03-08T03:14:21.611+08:00  WARN 1111147 --- [spring-boot-init-template] [           main] o.d.e.s.register.ClassPathMapperScanner  : No Easy-Es mapper was found in '[top.sharehome.springbootinittemplate.elasticsearch.mapper]' package. Please check your configuration.
2026-03-08T03:14:27.517+08:00  WARN 1111147 --- [spring-boot-init-template] [           main] io.undertow.websockets.jsr               : UT026010: Buffer pool was not set on WebSocketDeploymentInfo, the default pool will be used
2026-03-08T03:14:27.588+08:00  INFO 1111147 --- [spring-boot-init-template] [           main] io.undertow.servlet                      : Initializing Spring embedded WebApplicationContext
2026-03-08T03:14:28.258+08:00  INFO 1111147 --- [spring-boot-init-template] [           main] t.s.s.config.cors.CorsConfiguration      : ############ CorsConfiguration Configuration DI.
2026-03-08T03:14:28.431+08:00  INFO 1111147 --- [spring-boot-init-template] [           main] t.s.s.c.m.MyBatisPlusConfiguration       : ############ MyBatisPlusConfiguration Configuration DI.
2026-03-08T03:14:28.719+08:00  INFO 1111147 --- [spring-boot-init-template] [           main] com.zaxxer.hikari.HikariDataSource       : mysql - Starting...
2026-03-08T03:14:30.582+08:00  INFO 1111147 --- [spring-boot-init-template] [           main] com.zaxxer.hikari.HikariDataSource       : HikariPool-1 - Starting...
2026-03-08T03:14:31.532+08:00  INFO 1111147 --- [spring-boot-init-template] [           main] com.zaxxer.hikari.pool.HikariPool        : HikariPool-1 - Added connection conn0: url=jdbc:h2:mem:config user=SA
2026-03-08T03:14:31.537+08:00  INFO 1111147 --- [spring-boot-init-template] [           main] com.zaxxer.hikari.HikariDataSource       : HikariPool-1 - Start completed.
2026-03-08T03:14:31.723+08:00  INFO 1111147 --- [spring-boot-init-template] [           main] com.zaxxer.hikari.HikariDataSource       : HikariPool-2 - Starting...
2026-03-08T03:14:32.381+08:00  INFO 1111147 --- [spring-boot-init-template] [           main] com.zaxxer.hikari.pool.HikariPool        : HikariPool-2 - Added connection com.mysql.cj.jdbc.ConnectionImpl@ccea4be
2026-03-08T03:14:32.382+08:00  INFO 1111147 --- [spring-boot-init-template] [           main] com.zaxxer.hikari.HikariDataSource       : HikariPool-2 - Start completed.
2026-03-08T03:14:40.003+08:00  INFO 1111147 --- [spring-boot-init-template] [           main] ShardingSphere-SQL                       : Logic SQL: SELECT 1
2026-03-08T03:14:40.004+08:00  INFO 1111147 --- [spring-boot-init-template] [           main] ShardingSphere-SQL                       : Actual SQL(simple): [ds_master] ::: 1
2026-03-08T03:14:40.139+08:00  INFO 1111147 --- [spring-boot-init-template] [           main] com.zaxxer.hikari.pool.HikariPool        : mysql - Added connection org.apache.shardingsphere.driver.jdbc.core.connection.ShardingSphereConnection@38ef5e3
2026-03-08T03:14:40.140+08:00  INFO 1111147 --- [spring-boot-init-template] [           main] com.zaxxer.hikari.HikariDataSource       : mysql - Start completed.
2026-03-08T03:14:40.142+08:00  INFO 1111147 --- [spring-boot-init-template] [           main] c.b.d.d.DynamicRoutingDataSource         : dynamic-datasource - add a datasource named [mysql] success
2026-03-08T03:14:40.143+08:00  INFO 1111147 --- [spring-boot-init-template] [           main] c.b.d.d.DynamicRoutingDataSource         : dynamic-datasource initial loaded [1] datasource,primary datasource named [mysql]
2026-03-08T03:14:40.354+08:00  INFO 1111147 --- [spring-boot-init-template] [           main] t.s.s.c.meta.FieldMetaObjectHandler      : ############ FieldMetaObjectHandler Configuration DI.
 _ _   |_  _ _|_. ___ _ |    _ 
| | |\/|_)(_| | |_\  |_)||_|_\ 
     /               |         
                        3.5.8 
2026-03-08T03:14:41.946+08:00  INFO 1111147 --- [spring-boot-init-template] [           main] t.s.s.c.o.s.minio.MinioConfiguration     : ############ MinioConfiguration Configuration DI.
2026-03-08T03:14:41.974+08:00  INFO 1111147 --- [spring-boot-init-template] [           main] t.s.s.config.json.JsonConfiguration      : ############ JsonConfiguration Configuration DI.
2026-03-08T03:14:41.978+08:00  INFO 1111147 --- [spring-boot-init-template] [           main] t.s.s.config.bean.SpringContextHolder    : ############ SpringContextHolder Configuration DI.
____ ____    ___ ____ _  _ ____ _  _ 
[__  |__| __  |  |  | |_/  |___ |\ | 
___] |  |     |  |__| | \_ |___ | \| 
https://sa-token.cc (v1.39.0)
[32mSA [INFO] -->: 全局配置 SaTokenConfig [tokenName=Authorization, timeout=86400, activeTimeout=1800, dynamicActiveTimeout=false, isConcurrent=false, isShare=false, maxLoginCount=12, maxTryTimes=12, isReadBody=true, isReadHeader=true, isReadCookie=true, isWriteHeader=false, tokenStyle=tik, dataRefreshPeriod=30, tokenSessionCheckLogin=true, autoRenew=true, tokenPrefix=null, isPrint=true, isLog=true, logLevel=trace, logLevelInt=1, isColorLog=true, jwtSecretKey=spring-boot-init-template, httpBasic=, httpDigest=, currDomain=null, sameTokenTimeout=86400, checkSameToken=false, cookie=SaCookieConfig [domain=null, path=null, secure=false, httpOnly=false, sameSite=null], sign=SaSignConfig [secretKey=null, timestampDisparity=900000]] [39m
[32mSA [INFO] -->: 全局组件 SaTokenContext 载入成功: cn.dev33.satoken.spring.SaTokenContextForSpringInJakartaServlet[39m
[32mSA [INFO] -->: 全局组件 SaJsonTemplate 载入成功: cn.dev33.satoken.spring.json.SaJsonTemplateForJackson[39m
2026-03-08T03:14:53.480+08:00  INFO 1111147 --- [spring-boot-init-template] [           main] io.undertow                              : starting server: Undertow - 2.3.12.Final
2026-03-08T03:14:53.508+08:00  INFO 1111147 --- [spring-boot-init-template] [           main] org.xnio                                 : XNIO version 3.8.8.Final
2026-03-08T03:14:53.538+08:00  INFO 1111147 --- [spring-boot-init-template] [           main] org.xnio.nio                             : XNIO NIO Implementation Version 3.8.8.Final
2026-03-08T03:14:53.595+08:00  INFO 1111147 --- [spring-boot-init-template] [           main] org.jboss.threads                        : JBoss Threads version 3.5.0.Final
2026-03-08T03:14:53.728+08:00  INFO 1111147 --- [spring-boot-init-template] [           main] t.s.s.MainApplication                    : Started MainApplication in 40.468 seconds (process running for 42.849)
2026-03-08T03:14:53.750+08:00  INFO 1111147 --- [spring-boot-init-template] [           main] t.s.s.starter.ApplicationUriPrinter      : -------------------------------------------------------------------------------------------------	
2026-03-08T03:14:53.750+08:00  INFO 1111147 --- [spring-boot-init-template] [           main] t.s.s.starter.ApplicationUriPrinter      : spring-boot-init-template is running! Access URLs:	
2026-03-08T03:14:53.751+08:00  INFO 1111147 --- [spring-boot-init-template] [           main] t.s.s.starter.ApplicationUriPrinter      : Local Knife4j访问地址:	http://localhost:38080/api/doc.html	
2026-03-08T03:14:53.751+08:00  INFO 1111147 --- [spring-boot-init-template] [           main] t.s.s.starter.ApplicationUriPrinter      : External访问地址:		http://127.0.1.1:38080/api	
2026-03-08T03:14:53.751+08:00  INFO 1111147 --- [spring-boot-init-template] [           main] t.s.s.starter.ApplicationUriPrinter      : -------------------------------------------------------------------------------------------------	
2026-03-08T03:15:10.488+08:00  INFO 1111147 --- [spring-boot-init-template] [  XNIO-1 task-2] io.undertow.servlet                      : Initializing Spring DispatcherServlet 'dispatcherServlet'
2026-03-08T03:17:45.974+08:00  INFO 1111147 --- [spring-boot-init-template] [  XNIO-1 task-2] ShardingSphere-SQL                       : Logic SQL: SELECT 1
2026-03-08T03:17:45.975+08:00  INFO 1111147 --- [spring-boot-init-template] [  XNIO-1 task-2] ShardingSphere-SQL                       : Actual SQL(simple): [ds_master] ::: 1
2026-03-08T03:17:46.642+08:00 DEBUG 1111147 --- [spring-boot-init-template] [  XNIO-1 task-2] t.s.s.mapper.UserMapper.selectList       : ==>  Preparing: SELECT user_id AS id,user_account AS account,user_password AS password,user_email AS email,user_login_num AS loginNum,user_name AS name,user_avatar_id AS avatarId,user_role AS role,user_state AS state,create_time,update_time,is_deleted AS deleted,integral,phone FROM t_user WHERE is_deleted=0 AND (user_account = ? OR user_email = ?) limit 1
2026-03-08T03:17:47.482+08:00 DEBUG 1111147 --- [spring-boot-init-template] [  XNIO-1 task-2] t.s.s.mapper.UserMapper.selectList       : ==> Parameters: admin(String), admin(String)
2026-03-08T03:17:47.637+08:00  INFO 1111147 --- [spring-boot-init-template] [  XNIO-1 task-2] ShardingSphere-SQL                       : Logic SQL: SELECT  user_id AS id,user_account AS account,user_password AS password,user_email AS email,user_login_num AS loginNum,user_name AS name,user_avatar_id AS avatarId,user_role AS role,user_state AS state,create_time,update_time,is_deleted AS deleted,integral,phone  FROM t_user  WHERE is_deleted=0     AND (user_account = ? OR user_email = ?) limit 1
2026-03-08T03:17:47.638+08:00  INFO 1111147 --- [spring-boot-init-template] [  XNIO-1 task-2] ShardingSphere-SQL                       : Actual SQL(simple): [ds_master] ::: 1
2026-03-08T03:17:47.843+08:00 DEBUG 1111147 --- [spring-boot-init-template] [  XNIO-1 task-2] t.s.s.mapper.UserMapper.selectList       : <==      Total: 0
2026-03-08T03:17:48.978+08:00  WARN 1111147 --- [spring-boot-init-template] [  XNIO-1 task-2] t.s.s.utils.net.NetUtils                 : IP region searcher not available: No qualifying bean of type 'org.lionsoul.ip2region.xdb.Searcher' available
2026-03-08T03:17:48.994+08:00  INFO 1111147 --- [spring-boot-init-template] [  XNIO-1 task-2] ShardingSphere-SQL                       : Logic SQL: SELECT 1
2026-03-08T03:17:48.994+08:00  INFO 1111147 --- [spring-boot-init-template] [  XNIO-1 task-2] ShardingSphere-SQL                       : Actual SQL(simple): [ds_master] ::: 1
2026-03-08T03:17:49.207+08:00  INFO 1111147 --- [spring-boot-init-template] [  XNIO-1 task-2] e.p.i.DataChangeRecorderInnerInterceptor : {"tableName":"t_log","operation":"insert","recordStatus":"true","changedData":[{"LOG_DESCRIPTION":"null->用户登录","IS_DELETED":"null->0","LOG_TIME":"null->3040340641","LOG_RESULT":"null->1","LOG_JSON":"null->{\"msg\":\"用户账户不存在 ==> [用户账户不存在]\",\"code\":11009,\"name\":\"USER_ACCOUNT_DOES_NOT_EXIST\"}","LOG_IP":"null->127.0.0.1","UPDATE_TIME":"null->2026-03-08T03:17:48.992855890","LOG_URI":"null->/api/auth/login","LOG_REQUEST_METHOD":"null->POST","LOG_METHOD":"null->top.sharehome.springbootinittemplate.controller.AuthController.login","LOG_USER_ID":"null->-1","LOG_PARAM":"null->{\"account\":\"admin\"}","LOG_LOCATION":"null->Unknown","ID":"null->2030362298769006593","CREATE_TIME":"null->2026-03-08T03:17:48.992940190","LOG_OPERATOR":"null->0"}],"cost(ms)":171}
2026-03-08T03:17:49.208+08:00 DEBUG 1111147 --- [spring-boot-init-template] [  XNIO-1 task-2] t.s.s.mapper.LogMapper.insert            : ==>  Preparing: INSERT INTO t_log ( log_id, log_uri, log_description, log_operator, log_request_method, log_method, log_user_id, log_ip, log_location, log_param, log_result, log_json, log_time, create_time, update_time, is_deleted ) VALUES ( ?, ?, ?, ?, ?, ?, ?, ?, ?, ?, ?, ?, ?, ?, ?, ? )
2026-03-08T03:17:49.282+08:00 DEBUG 1111147 --- [spring-boot-init-template] [  XNIO-1 task-2] t.s.s.mapper.LogMapper.insert            : ==> Parameters: 2030362298769006593(Long), /api/auth/login(String), 用户登录(String), 0(Integer), POST(String), top.sharehome.springbootinittemplate.controller.AuthController.login(String), -1(Long), 127.0.0.1(String), Unknown(String), {"account":"admin"}(String), 1(Integer), {"msg":"用户账户不存在 ==> [用户账户不存在]","code":11009,"name":"USER_ACCOUNT_DOES_NOT_EXIST"}(String), 3040340641(Long), 2026-03-08T03:17:48.992940190(LocalDateTime), 2026-03-08T03:17:48.992855890(LocalDateTime), 0(Integer)
2026-03-08T03:17:49.285+08:00  INFO 1111147 --- [spring-boot-init-template] [  XNIO-1 task-2] ShardingSphere-SQL                       : Logic SQL: INSERT INTO t_log  ( log_id, log_uri, log_description, log_operator, log_request_method, log_method, log_user_id, log_ip, log_location, log_param, log_result, log_json, log_time, create_time, update_time, is_deleted )  VALUES (  ?, ?, ?, ?, ?, ?, ?, ?, ?, ?, ?, ?, ?, ?, ?, ?  )
2026-03-08T03:17:49.286+08:00  INFO 1111147 --- [spring-boot-init-template] [  XNIO-1 task-2] ShardingSphere-SQL                       : Actual SQL(simple): [ds_master] ::: 1
2026-03-08T03:17:49.381+08:00 DEBUG 1111147 --- [spring-boot-init-template] [  XNIO-1 task-2] t.s.s.mapper.LogMapper.insert            : <==    Updates: 1
2026-03-08T03:17:49.387+08:00 ERROR 1111147 --- [spring-boot-init-template] [  XNIO-1 task-2] t.s.s.exception.GlobalExceptionHandler   : 用户账户不存在
2026-03-08T03:17:54.571+08:00  INFO 1111147 --- [spring-boot-init-template] [  XNIO-1 task-2] ShardingSphere-SQL                       : Logic SQL: SELECT 1
2026-03-08T03:17:54.571+08:00  INFO 1111147 --- [spring-boot-init-template] [  XNIO-1 task-2] ShardingSphere-SQL                       : Actual SQL(simple): [ds_master] ::: 1
2026-03-08T03:17:54.649+08:00 DEBUG 1111147 --- [spring-boot-init-template] [  XNIO-1 task-2] t.s.s.mapper.UserMapper.selectList       : ==>  Preparing: SELECT user_id AS id,user_account AS account,user_password AS password,user_email AS email,user_login_num AS loginNum,user_name AS name,user_avatar_id AS avatarId,user_role AS role,user_state AS state,create_time,update_time,is_deleted AS deleted,integral,phone FROM t_user WHERE is_deleted=0 AND (user_account = ? OR user_email = ?) limit 1
2026-03-08T03:17:54.673+08:00 DEBUG 1111147 --- [spring-boot-init-template] [  XNIO-1 task-2] t.s.s.mapper.UserMapper.selectList       : ==> Parameters: user(String), user(String)
2026-03-08T03:17:54.674+08:00  INFO 1111147 --- [spring-boot-init-template] [  XNIO-1 task-2] ShardingSphere-SQL                       : Logic SQL: SELECT  user_id AS id,user_account AS account,user_password AS password,user_email AS email,user_login_num AS loginNum,user_name AS name,user_avatar_id AS avatarId,user_role AS role,user_state AS state,create_time,update_time,is_deleted AS deleted,integral,phone  FROM t_user  WHERE is_deleted=0     AND (user_account = ? OR user_email = ?) limit 1
2026-03-08T03:17:54.674+08:00  INFO 1111147 --- [spring-boot-init-template] [  XNIO-1 task-2] ShardingSphere-SQL                       : Actual SQL(simple): [ds_master] ::: 1
2026-03-08T03:17:54.752+08:00 DEBUG 1111147 --- [spring-boot-init-template] [  XNIO-1 task-2] t.s.s.mapper.UserMapper.selectList       : <==      Total: 0
2026-03-08T03:17:54.831+08:00  WARN 1111147 --- [spring-boot-init-template] [  XNIO-1 task-2] t.s.s.utils.net.NetUtils                 : IP region searcher not available: No qualifying bean of type 'org.lionsoul.ip2region.xdb.Searcher' available
2026-03-08T03:17:54.841+08:00  INFO 1111147 --- [spring-boot-init-template] [  XNIO-1 task-2] e.p.i.DataChangeRecorderInnerInterceptor : {"tableName":"t_log","operation":"insert","recordStatus":"true","changedData":[{"LOG_DESCRIPTION":"null->用户登录","IS_DELETED":"null->0","LOG_TIME":"null->262659656","LOG_RESULT":"null->1","LOG_JSON":"null->{\"msg\":\"用户账户不存在 ==> [用户账户不存在]\",\"code\":11009,\"name\":\"USER_ACCOUNT_DOES_NOT_EXIST\"}","LOG_IP":"null->127.0.0.1","UPDATE_TIME":"null->2026-03-08T03:17:54.833174449","LOG_URI":"null->/api/auth/login","LOG_REQUEST_METHOD":"null->POST","LOG_METHOD":"null->top.sharehome.springbootinittemplate.controller.AuthController.login","LOG_USER_ID":"null->-1","LOG_PARAM":"null->{\"account\":\"user\"}","LOG_LOCATION":"null->Unknown","ID":"null->2030362323272130562","CREATE_TIME":"null->2026-03-08T03:17:54.833207120","LOG_OPERATOR":"null->0"}],"cost(ms)":8}
2026-03-08T03:17:54.841+08:00 DEBUG 1111147 --- [spring-boot-init-template] [  XNIO-1 task-2] t.s.s.mapper.LogMapper.insert            : ==>  Preparing: INSERT INTO t_log ( log_id, log_uri, log_description, log_operator, log_request_method, log_method, log_user_id, log_ip, log_location, log_param, log_result, log_json, log_time, create_time, update_time, is_deleted ) VALUES ( ?, ?, ?, ?, ?, ?, ?, ?, ?, ?, ?, ?, ?, ?, ?, ? )
2026-03-08T03:17:54.845+08:00 DEBUG 1111147 --- [spring-boot-init-template] [  XNIO-1 task-2] t.s.s.mapper.LogMapper.insert            : ==> Parameters: 2030362323272130562(Long), /api/auth/login(String), 用户登录(String), 0(Integer), POST(String), top.sharehome.springbootinittemplate.controller.AuthController.login(String), -1(Long), 127.0.0.1(String), Unknown(String), {"account":"user"}(String), 1(Integer), {"msg":"用户账户不存在 ==> [用户账户不存在]","code":11009,"name":"USER_ACCOUNT_DOES_NOT_EXIST"}(String), 262659656(Long), 2026-03-08T03:17:54.833207120(LocalDateTime), 2026-03-08T03:17:54.833174449(LocalDateTime), 0(Integer)
2026-03-08T03:17:54.846+08:00  INFO 1111147 --- [spring-boot-init-template] [  XNIO-1 task-2] ShardingSphere-SQL                       : Logic SQL: INSERT INTO t_log  ( log_id, log_uri, log_description, log_operator, log_request_method, log_method, log_user_id, log_ip, log_location, log_param, log_result, log_json, log_time, create_time, update_time, is_deleted )  VALUES (  ?, ?, ?, ?, ?, ?, ?, ?, ?, ?, ?, ?, ?, ?, ?, ?  )
2026-03-08T03:17:54.846+08:00  INFO 1111147 --- [spring-boot-init-template] [  XNIO-1 task-2] ShardingSphere-SQL                       : Actual SQL(simple): [ds_master] ::: 1
2026-03-08T03:17:54.925+08:00 DEBUG 1111147 --- [spring-boot-init-template] [  XNIO-1 task-2] t.s.s.mapper.LogMapper.insert            : <==    Updates: 1
2026-03-08T03:17:54.926+08:00 ERROR 1111147 --- [spring-boot-init-template] [  XNIO-1 task-2] t.s.s.exception.GlobalExceptionHandler   : 用户账户不存在
2026-03-08T03:19:14.304+08:00  INFO 1111147 --- [spring-boot-init-template] [  XNIO-1 task-2] ShardingSphere-SQL                       : Logic SQL: SELECT 1
2026-03-08T03:19:14.305+08:00  INFO 1111147 --- [spring-boot-init-template] [  XNIO-1 task-2] ShardingSphere-SQL                       : Actual SQL(simple): [ds_master] ::: 1
2026-03-08T03:19:14.383+08:00 DEBUG 1111147 --- [spring-boot-init-template] [  XNIO-1 task-2] t.s.s.mapper.UserMapper.selectList       : ==>  Preparing: SELECT user_id AS id,user_account AS account,user_password AS password,user_email AS email,user_login_num AS loginNum,user_name AS name,user_avatar_id AS avatarId,user_role AS role,user_state AS state,create_time,update_time,is_deleted AS deleted,integral,phone FROM t_user WHERE is_deleted=0 AND (user_account = ? OR user_email = ?) limit 1
2026-03-08T03:19:14.385+08:00 DEBUG 1111147 --- [spring-boot-init-template] [  XNIO-1 task-2] t.s.s.mapper.UserMapper.selectList       : ==> Parameters: admin(String), admin(String)
2026-03-08T03:19:14.387+08:00  INFO 1111147 --- [spring-boot-init-template] [  XNIO-1 task-2] ShardingSphere-SQL                       : Logic SQL: SELECT  user_id AS id,user_account AS account,user_password AS password,user_email AS email,user_login_num AS loginNum,user_name AS name,user_avatar_id AS avatarId,user_role AS role,user_state AS state,create_time,update_time,is_deleted AS deleted,integral,phone  FROM t_user  WHERE is_deleted=0     AND (user_account = ? OR user_email = ?) limit 1
2026-03-08T03:19:14.388+08:00  INFO 1111147 --- [spring-boot-init-template] [  XNIO-1 task-2] ShardingSphere-SQL                       : Actual SQL(simple): [ds_master] ::: 1
2026-03-08T03:19:14.497+08:00 DEBUG 1111147 --- [spring-boot-init-template] [  XNIO-1 task-2] t.s.s.mapper.UserMapper.selectList       : <==      Total: 1
[32mSA [INFO] -->: SaSession [Authorization:login:session:1900] 创建成功[39m
[32mSA [INFO] -->: 账号 1900 登录成功 (loginType=login), 会话凭证 token=DS_1cv8TLHlShNk9q_pACFbvtUg3xTyE38__[39m
2026-03-08T03:19:14.655+08:00  WARN 1111147 --- [spring-boot-init-template] [  XNIO-1 task-2] t.s.s.utils.net.NetUtils                 : IP region searcher not available: No qualifying bean of type 'org.lionsoul.ip2region.xdb.Searcher' available
2026-03-08T03:19:14.665+08:00  INFO 1111147 --- [spring-boot-init-template] [  XNIO-1 task-2] e.p.i.DataChangeRecorderInnerInterceptor : {"tableName":"t_log","operation":"insert","recordStatus":"true","changedData":[{"LOG_DESCRIPTION":"null->用户登录","IS_DELETED":"null->0","LOG_TIME":"null->353","LOG_RESULT":"null->0","LOG_JSON":"null->{\"msg\":\"登录成功\",\"code\":200,\"data\":{\"res\":{\"account\":\"admin\",\"avatarId\":-1,\"email\":\"1911261716@qq.com\",\"id\":1900,\"integral\":0.0,\"name\":\"AntonyCheng\",\"role\":\"admin\"}}}","LOG_IP":"null->127.0.0.1","UPDATE_TIME":"null->2026-03-08T03:19:14.657889038","LOG_URI":"null->/api/auth/login","LOG_REQUEST_METHOD":"null->POST","LOG_METHOD":"null->top.sharehome.springbootinittemplate.controller.AuthController.login","LOG_USER_ID":"null->1900","LOG_PARAM":"null->{\"account\":\"admin\"}","LOG_LOCATION":"null->Unknown","ID":"null->2030362658082447362","CREATE_TIME":"null->2026-03-08T03:19:14.657939928","LOG_OPERATOR":"null->0"}],"cost(ms)":7}
2026-03-08T03:19:14.666+08:00 DEBUG 1111147 --- [spring-boot-init-template] [  XNIO-1 task-2] t.s.s.mapper.LogMapper.insert            : ==>  Preparing: INSERT INTO t_log ( log_id, log_uri, log_description, log_operator, log_request_method, log_method, log_user_id, log_ip, log_location, log_param, log_result, log_json, log_time, create_time, update_time, is_deleted ) VALUES ( ?, ?, ?, ?, ?, ?, ?, ?, ?, ?, ?, ?, ?, ?, ?, ? )
2026-03-08T03:19:14.668+08:00 DEBUG 1111147 --- [spring-boot-init-template] [  XNIO-1 task-2] t.s.s.mapper.LogMapper.insert            : ==> Parameters: 2030362658082447362(Long), /api/auth/login(String), 用户登录(String), 0(Integer), POST(String), top.sharehome.springbootinittemplate.controller.AuthController.login(String), 1900(Long), 127.0.0.1(String), Unknown(String), {"account":"admin"}(String), 0(Integer), {"msg":"登录成功","code":200,"data":{"res":{"account":"admin","avatarId":-1,"email":"1911261716@qq.com","id":1900,"integral":0.0,"name":"AntonyCheng","role":"admin"}}}(String), 353(Long), 2026-03-08T03:19:14.657939928(LocalDateTime), 2026-03-08T03:19:14.657889038(LocalDateTime), 0(Integer)
2026-03-08T03:19:14.669+08:00  INFO 1111147 --- [spring-boot-init-template] [  XNIO-1 task-2] ShardingSphere-SQL                       : Logic SQL: INSERT INTO t_log  ( log_id, log_uri, log_description, log_operator, log_request_method, log_method, log_user_id, log_ip, log_location, log_param, log_result, log_json, log_time, create_time, update_time, is_deleted )  VALUES (  ?, ?, ?, ?, ?, ?, ?, ?, ?, ?, ?, ?, ?, ?, ?, ?  )
2026-03-08T03:19:14.669+08:00  INFO 1111147 --- [spring-boot-init-template] [  XNIO-1 task-2] ShardingSphere-SQL                       : Actual SQL(simple): [ds_master] ::: 1
2026-03-08T03:19:14.747+08:00 DEBUG 1111147 --- [spring-boot-init-template] [  XNIO-1 task-2] t.s.s.mapper.LogMapper.insert            : <==    Updates: 1
2026-03-08T03:19:18.408+08:00  INFO 1111147 --- [spring-boot-init-template] [  XNIO-1 task-2] ShardingSphere-SQL                       : Logic SQL: SELECT 1
2026-03-08T03:19:18.408+08:00  INFO 1111147 --- [spring-boot-init-template] [  XNIO-1 task-2] ShardingSphere-SQL                       : Actual SQL(simple): [ds_master] ::: 1
2026-03-08T03:19:18.580+08:00 DEBUG 1111147 --- [spring-boot-init-template] [  XNIO-1 task-2] t.s.s.m.UserMapper.selectList_mpCount    : ==>  Preparing: SELECT COUNT(*) AS total FROM t_user WHERE is_deleted = 0
2026-03-08T03:19:18.674+08:00 DEBUG 1111147 --- [spring-boot-init-template] [  XNIO-1 task-2] t.s.s.m.UserMapper.selectList_mpCount    : ==> Parameters: 
2026-03-08T03:19:18.675+08:00  INFO 1111147 --- [spring-boot-init-template] [  XNIO-1 task-2] ShardingSphere-SQL                       : Logic SQL: SELECT COUNT(*) AS total FROM t_user WHERE is_deleted = 0
2026-03-08T03:19:18.675+08:00  INFO 1111147 --- [spring-boot-init-template] [  XNIO-1 task-2] ShardingSphere-SQL                       : Actual SQL(simple): [ds_master] ::: 1
2026-03-08T03:19:18.754+08:00 DEBUG 1111147 --- [spring-boot-init-template] [  XNIO-1 task-2] t.s.s.m.UserMapper.selectList_mpCount    : <==      Total: 1
2026-03-08T03:19:18.779+08:00 DEBUG 1111147 --- [spring-boot-init-template] [  XNIO-1 task-2] t.s.s.mapper.UserMapper.selectList       : ==>  Preparing: SELECT user_id AS id,user_account AS account,user_password AS password,user_email AS email,user_login_num AS loginNum,user_name AS name,user_avatar_id AS avatarId,user_role AS role,user_state AS state,create_time,update_time,is_deleted AS deleted,integral,phone FROM t_user WHERE is_deleted=0 ORDER BY create_time ASC LIMIT ?
2026-03-08T03:19:18.813+08:00 DEBUG 1111147 --- [spring-boot-init-template] [  XNIO-1 task-2] t.s.s.mapper.UserMapper.selectList       : ==> Parameters: 500(Long)
2026-03-08T03:19:18.815+08:00  INFO 1111147 --- [spring-boot-init-template] [  XNIO-1 task-2] ShardingSphere-SQL                       : Logic SQL: SELECT  user_id AS id,user_account AS account,user_password AS password,user_email AS email,user_login_num AS loginNum,user_name AS name,user_avatar_id AS avatarId,user_role AS role,user_state AS state,create_time,update_time,is_deleted AS deleted,integral,phone  FROM t_user  WHERE is_deleted=0       ORDER BY create_time ASC LIMIT ?
2026-03-08T03:19:18.816+08:00  INFO 1111147 --- [spring-boot-init-template] [  XNIO-1 task-2] ShardingSphere-SQL                       : Actual SQL(simple): [ds_master] ::: 1
2026-03-08T03:19:18.897+08:00 DEBUG 1111147 --- [spring-boot-init-template] [  XNIO-1 task-2] t.s.s.mapper.UserMapper.selectList       : <==      Total: 2
2026-03-08T03:19:19.046+08:00  WARN 1111147 --- [spring-boot-init-template] [  XNIO-1 task-2] t.s.s.utils.net.NetUtils                 : IP region searcher not available: No qualifying bean of type 'org.lionsoul.ip2region.xdb.Searcher' available
2026-03-08T03:19:19.058+08:00  INFO 1111147 --- [spring-boot-init-template] [  XNIO-1 task-2] e.p.i.DataChangeRecorderInnerInterceptor : {"tableName":"t_log","operation":"insert","recordStatus":"true","changedData":[{"LOG_DESCRIPTION":"null->管理员查询用户信息","IS_DELETED":"null->0","LOG_TIME":"null->640","LOG_RESULT":"null->0","LOG_JSON":"null->{\"msg\":\"操作成功\",\"code\":200,\"data\":{\"current\":1,\"pages\":1,\"records\":[{\"account\":\"admin\",\"avatarId\":-1,\"createTime\":\"2024-03-27 22:01:16\",\"email\":\"1911261716@qq.com\",\"id\":1900,\"name\":\"AntonyCheng\",\"role\":\"admin\",\"state\":0},{\"account\":\"user\",\"avatarId\":-1,\"createTime\":\"2024-03-27 22:01:17\",\"email\":\"1911261716@qq.com\",\"id\":1901,\"name\":\"AntonyCoding\",\"role\":\"user\",\"state\":0}],\"size\":500,\"total\":2}}","LOG_IP":"null->127.0.0.1","UPDATE_TIME":"null->2026-03-08T03:19:19.049001196","LOG_URI":"null->/api/user/page","LOG_REQUEST_METHOD":"null->GET","LOG_METHOD":"null->top.sharehome.springbootinittemplate.controller.user.UserController.pageUser","LOG_USER_ID":"null->1900","LOG_PARAM":"null->{}","LOG_LOCATION":"null->Unknown","ID":"null->2030362676491247617","CREATE_TIME":"null->2026-03-08T03:19:19.049037295","LOG_OPERATOR":"null->3"}],"cost(ms)":8}
2026-03-08T03:19:19.058+08:00 DEBUG 1111147 --- [spring-boot-init-template] [  XNIO-1 task-2] t.s.s.mapper.LogMapper.insert            : ==>  Preparing: INSERT INTO t_log ( log_id, log_uri, log_description, log_operator, log_request_method, log_method, log_user_id, log_ip, log_location, log_param, log_result, log_json, log_time, create_time, update_time, is_deleted ) VALUES ( ?, ?, ?, ?, ?, ?, ?, ?, ?, ?, ?, ?, ?, ?, ?, ? )
2026-03-08T03:19:19.064+08:00 DEBUG 1111147 --- [spring-boot-init-template] [  XNIO-1 task-2] t.s.s.mapper.LogMapper.insert            : ==> Parameters: 2030362676491247617(Long), /api/user/page(String), 管理员查询用户信息(String), 3(Integer), GET(String), top.sharehome.springbootinittemplate.controller.user.UserController.pageUser(String), 1900(Long), 127.0.0.1(String), Unknown(String), {}(String), 0(Integer), {"msg":"操作成功","code":200,"data":{"current":1,"pages":1,"records":[{"account":"admin","avatarId":-1,"createTime":"2024-03-27 22:01:16","email":"1911261716@qq.com","id":1900,"name":"AntonyCheng","role":"admin","state":0},{"account":"user","avatarId":-1,"createTime":"2024-03-27 22:01:17","email":"1911261716@qq.com","id":1901,"name":"AntonyCoding","role":"user","state":0}],"size":500,"total":2}}(String), 640(Long), 2026-03-08T03:19:19.049037295(LocalDateTime), 2026-03-08T03:19:19.049001196(LocalDateTime), 0(Integer)
2026-03-08T03:19:19.065+08:00  INFO 1111147 --- [spring-boot-init-template] [  XNIO-1 task-2] ShardingSphere-SQL                       : Logic SQL: INSERT INTO t_log  ( log_id, log_uri, log_description, log_operator, log_request_method, log_method, log_user_id, log_ip, log_location, log_param, log_result, log_json, log_time, create_time, update_time, is_deleted )  VALUES (  ?, ?, ?, ?, ?, ?, ?, ?, ?, ?, ?, ?, ?, ?, ?, ?  )
2026-03-08T03:19:19.065+08:00  INFO 1111147 --- [spring-boot-init-template] [  XNIO-1 task-2] ShardingSphere-SQL                       : Actual SQL(simple): [ds_master] ::: 1
2026-03-08T03:19:19.148+08:00 DEBUG 1111147 --- [spring-boot-init-template] [  XNIO-1 task-2] t.s.s.mapper.LogMapper.insert            : <==    Updates: 1
2026-03-08T03:19:22.840+08:00  INFO 1111147 --- [spring-boot-init-template] [  XNIO-1 task-2] ShardingSphere-SQL                       : Logic SQL: SELECT 1
2026-03-08T03:19:22.840+08:00  INFO 1111147 --- [spring-boot-init-template] [  XNIO-1 task-2] ShardingSphere-SQL                       : Actual SQL(simple): [ds_master] ::: 1
2026-03-08T03:19:22.919+08:00 DEBUG 1111147 --- [spring-boot-init-template] [  XNIO-1 task-2] t.s.s.mapper.UserMapper.selectCount      : ==>  Preparing: SELECT COUNT( * ) AS total FROM t_user WHERE is_deleted=0 AND (user_account = ?)
2026-03-08T03:19:22.924+08:00 DEBUG 1111147 --- [spring-boot-init-template] [  XNIO-1 task-2] t.s.s.mapper.UserMapper.selectCount      : ==> Parameters: auditor(String)
2026-03-08T03:19:22.925+08:00  INFO 1111147 --- [spring-boot-init-template] [  XNIO-1 task-2] ShardingSphere-SQL                       : Logic SQL: SELECT COUNT( * ) AS total FROM t_user  WHERE is_deleted=0     AND (user_account = ?)
2026-03-08T03:19:22.925+08:00  INFO 1111147 --- [spring-boot-init-template] [  XNIO-1 task-2] ShardingSphere-SQL                       : Actual SQL(simple): [ds_master] ::: 1
2026-03-08T03:19:23.004+08:00 DEBUG 1111147 --- [spring-boot-init-template] [  XNIO-1 task-2] t.s.s.mapper.UserMapper.selectCount      : <==      Total: 1
2026-03-08T03:19:23.013+08:00  INFO 1111147 --- [spring-boot-init-template] [  XNIO-1 task-2] e.p.i.DataChangeRecorderInnerInterceptor : {"tableName":"t_user","operation":"insert","recordStatus":"true","changedData":[{"IS_DELETED":"null->0","USER_AVATAR_ID":"null->-1","USER_PASSWORD":"null->123456","USER_EMAIL":"null->auditor@test.com","USER_STATE":"null->0","USER_NAME":"null->测试审核员","CREATE_TIME":"null->2026-03-08T03:19:23.009338435","UPDATE_TIME":"null->2026-03-08T03:19:23.009254110","USER_ROLE":"null->user","USER_ACCOUNT":"null->auditor"}],"cost(ms)":4}
2026-03-08T03:19:23.013+08:00 DEBUG 1111147 --- [spring-boot-init-template] [  XNIO-1 task-2] t.s.s.mapper.UserMapper.insert           : ==>  Preparing: INSERT INTO t_user ( user_account, user_password, user_email, user_name, user_avatar_id, user_role, user_state, create_time, update_time, is_deleted ) VALUES ( ?, ?, ?, ?, ?, ?, ?, ?, ?, ? )
2026-03-08T03:19:23.017+08:00 DEBUG 1111147 --- [spring-boot-init-template] [  XNIO-1 task-2] t.s.s.mapper.UserMapper.insert           : ==> Parameters: auditor(String), 123456(String), auditor@test.com(String), 测试审核员(String), -1(Long), user(String), 0(Integer), 2026-03-08T03:19:23.009338435(LocalDateTime), 2026-03-08T03:19:23.009254110(LocalDateTime), 0(Integer)
2026-03-08T03:19:23.027+08:00  INFO 1111147 --- [spring-boot-init-template] [  XNIO-1 task-2] ShardingSphere-SQL                       : Logic SQL: INSERT INTO t_user  ( user_account, user_password, user_email,  user_name, user_avatar_id, user_role, user_state, create_time, update_time, is_deleted )  VALUES (  ?, ?, ?,  ?, ?, ?, ?, ?, ?, ?  )
2026-03-08T03:19:23.027+08:00  INFO 1111147 --- [spring-boot-init-template] [  XNIO-1 task-2] ShardingSphere-SQL                       : Actual SQL(simple): [ds_master] ::: 1
2026-03-08T03:19:23.490+08:00  WARN 1111147 --- [spring-boot-init-template] [  XNIO-1 task-2] t.s.s.utils.net.NetUtils                 : IP region searcher not available: No qualifying bean of type 'org.lionsoul.ip2region.xdb.Searcher' available
2026-03-08T03:19:23.497+08:00  INFO 1111147 --- [spring-boot-init-template] [  XNIO-1 task-2] e.p.i.DataChangeRecorderInnerInterceptor : {"tableName":"t_log","operation":"insert","recordStatus":"true","changedData":[{"LOG_DESCRIPTION":"null->管理员添加用户信息","IS_DELETED":"null->0","LOG_TIME":"null->652965055","LOG_RESULT":"null->1","LOG_JSON":"null->{\"exception\":\"org.springframework.dao.DataIntegrityViolationException: \n### Error updating database.  Cause: java.sql.SQLException: Field 'user_id' doesn't have a default value\n### The error may exist in top/sharehome/springbootinittemplate/mapper/UserMapper.java (best guess)\n### The error may involve top.sharehome.springbootinittemplate.mapper.UserMapper.insert-Inline\n### The error occurred while setting parameters\n### SQL: INSERT INTO t_user  ( user_account, user_password, user_email,  user_name, user_avatar_id, user_role, user_state, create_time, update_time, is_deleted )  VALUES (  ?, ?, ?,  ?, ?, ?, ?, ?, ?, ?  )\n### Cause: java.sql.SQLException: Field 'user_id' doesn't have a default value\n; Field 'user_id' doesn't have a default value\",\"method\":\"doTranslate\",\"line\":258,\"class\":\"org.springframework.jdbc.support.SQLErrorCodeSQLExceptionTranslator\"}","LOG_IP":"null->127.0.0.1","UPDATE_TIME":"null->2026-03-08T03:19:23.492577758","LOG_URI":"null->/api/user/add","LOG_REQUEST_METHOD":"null->POST","LOG_METHOD":"null->top.sharehome.springbootinittemplate.controller.user.UserController.addUser","LOG_USER_ID":"null->1900","LOG_PARAM":"null->{\"name\":\"测试审核员\",\"account\":\"auditor\"}","LOG_LOCATION":"null->Unknown","ID":"null->2030362695134928898","CREATE_TIME":"null->2026-03-08T03:19:23.492612574","LOG_OPERATOR":"null->1"}],"cost(ms)":5}
2026-03-08T03:19:23.498+08:00 DEBUG 1111147 --- [spring-boot-init-template] [  XNIO-1 task-2] t.s.s.mapper.LogMapper.insert            : ==>  Preparing: INSERT INTO t_log ( log_id, log_uri, log_description, log_operator, log_request_method, log_method, log_user_id, log_ip, log_location, log_param, log_result, log_json, log_time, create_time, update_time, is_deleted ) VALUES ( ?, ?, ?, ?, ?, ?, ?, ?, ?, ?, ?, ?, ?, ?, ?, ? )
2026-03-08T03:19:23.501+08:00 DEBUG 1111147 --- [spring-boot-init-template] [  XNIO-1 task-2] t.s.s.mapper.LogMapper.insert            : ==> Parameters: 2030362695134928898(Long), /api/user/add(String), 管理员添加用户信息(String), 1(Integer), POST(String), top.sharehome.springbootinittemplate.controller.user.UserController.addUser(String), 1900(Long), 127.0.0.1(String), Unknown(String), {"name":"测试审核员","account":"auditor"}(String), 1(Integer), {"exception":"org.springframework.dao.DataIntegrityViolationException: \n### Error updating database.  Cause: java.sql.SQLException: Field 'user_id' doesn't have a default value\n### The error may exist in top/sharehome/springbootinittemplate/mapper/UserMapper.java (best guess)\n### The error may involve top.sharehome.springbootinittemplate.mapper.UserMapper.insert-Inline\n### The error occurred while setting parameters\n### SQL: INSERT INTO t_user  ( user_account, user_password, user_email,  user_name, user_avatar_id, user_role, user_state, create_time, update_time, is_deleted )  VALUES (  ?, ?, ?,  ?, ?, ?, ?, ?, ?, ?  )\n### Cause: java.sql.SQLException: Field 'user_id' doesn't have a default value\n; Field 'user_id' doesn't have a default value","method":"doTranslate","line":258,"class":"org.springframework.jdbc.support.SQLErrorCodeSQLExceptionTranslator"}(String), 652965055(Long), 2026-03-08T03:19:23.492612574(LocalDateTime), 2026-03-08T03:19:23.492577758(LocalDateTime), 0(Integer)
2026-03-08T03:19:23.502+08:00  INFO 1111147 --- [spring-boot-init-template] [  XNIO-1 task-2] ShardingSphere-SQL                       : Logic SQL: INSERT INTO t_log  ( log_id, log_uri, log_description, log_operator, log_request_method, log_method, log_user_id, log_ip, log_location, log_param, log_result, log_json, log_time, create_time, update_time, is_deleted )  VALUES (  ?, ?, ?, ?, ?, ?, ?, ?, ?, ?, ?, ?, ?, ?, ?, ?  )
2026-03-08T03:19:23.502+08:00  INFO 1111147 --- [spring-boot-init-template] [  XNIO-1 task-2] ShardingSphere-SQL                       : Actual SQL(simple): [ds_master] ::: 1
2026-03-08T03:19:23.580+08:00 DEBUG 1111147 --- [spring-boot-init-template] [  XNIO-1 task-2] t.s.s.mapper.LogMapper.insert            : <==    Updates: 1
2026-03-08T03:19:23.582+08:00 ERROR 1111147 --- [spring-boot-init-template] [  XNIO-1 task-2] t.s.s.exception.GlobalExceptionHandler   : 请求地址'/api/user/add',发生未知异常.

org.springframework.dao.DataIntegrityViolationException: 
### Error updating database.  Cause: java.sql.SQLException: Field 'user_id' doesn't have a default value
### The error may exist in top/sharehome/springbootinittemplate/mapper/UserMapper.java (best guess)
### The error may involve top.sharehome.springbootinittemplate.mapper.UserMapper.insert-Inline
### The error occurred while setting parameters
### SQL: INSERT INTO t_user  ( user_account, user_password, user_email,  user_name, user_avatar_id, user_role, user_state, create_time, update_time, is_deleted )  VALUES (  ?, ?, ?,  ?, ?, ?, ?, ?, ?, ?  )
### Cause: java.sql.SQLException: Field 'user_id' doesn't have a default value
; Field 'user_id' doesn't have a default value
	at org.springframework.jdbc.support.SQLErrorCodeSQLExceptionTranslator.doTranslate(SQLErrorCodeSQLExceptionTranslator.java:258) ~[spring-jdbc-6.1.6.jar!/:6.1.6]
	at org.springframework.jdbc.support.AbstractFallbackSQLExceptionTranslator.translate(AbstractFallbackSQLExceptionTranslator.java:107) ~[spring-jdbc-6.1.6.jar!/:6.1.6]
	at org.mybatis.spring.MyBatisExceptionTranslator.translateExceptionIfPossible(MyBatisExceptionTranslator.java:93) ~[mybatis-spring-3.0.4.jar!/:3.0.4]
	at org.mybatis.spring.SqlSessionTemplate$SqlSessionInterceptor.invoke(SqlSessionTemplate.java:347) ~[mybatis-spring-3.0.4.jar!/:3.0.4]
	at jdk.proxy2/jdk.proxy2.$Proxy133.insert(Unknown Source) ~[na:na]
	at org.mybatis.spring.SqlSessionTemplate.insert(SqlSessionTemplate.java:224) ~[mybatis-spring-3.0.4.jar!/:3.0.4]
	at com.baomidou.mybatisplus.core.override.MybatisMapperMethod.execute(MybatisMapperMethod.java:59) ~[mybatis-plus-core-3.5.8.jar!/:3.5.8]
	at com.baomidou.mybatisplus.core.override.MybatisMapperProxy$PlainMethodInvoker.invoke(MybatisMapperProxy.java:152) ~[mybatis-plus-core-3.5.8.jar!/:3.5.8]
	at com.baomidou.mybatisplus.core.override.MybatisMapperProxy.invoke(MybatisMapperProxy.java:89) ~[mybatis-plus-core-3.5.8.jar!/:3.5.8]
	at jdk.proxy2/jdk.proxy2.$Proxy135.insert(Unknown Source) ~[na:na]
	at top.sharehome.springbootinittemplate.service.impl.UserServiceImpl.addUser(UserServiceImpl.java:112) ~[!/:v2.2.1-jdk17-pre]
	at java.base/jdk.internal.reflect.NativeMethodAccessorImpl.invoke0(Native Method) ~[na:na]
	at java.base/jdk.internal.reflect.NativeMethodAccessorImpl.invoke(NativeMethodAccessorImpl.java:77) ~[na:na]
	at java.base/jdk.internal.reflect.DelegatingMethodAccessorImpl.invoke(DelegatingMethodAccessorImpl.java:43) ~[na:na]
	at java.base/java.lang.reflect.Method.invoke(Method.java:569) ~[na:na]
	at org.springframework.aop.support.AopUtils.invokeJoinpointUsingReflection(AopUtils.java:354) ~[spring-aop-6.1.6.jar!/:6.1.6]
	at org.springframework.aop.framework.ReflectiveMethodInvocation.invokeJoinpoint(ReflectiveMethodInvocation.java:196) ~[spring-aop-6.1.6.jar!/:6.1.6]
	at org.springframework.aop.framework.ReflectiveMethodInvocation.proceed(ReflectiveMethodInvocation.java:163) ~[spring-aop-6.1.6.jar!/:6.1.6]
	at org.springframework.aop.framework.CglibAopProxy$CglibMethodInvocation.proceed(CglibAopProxy.java:768) ~[spring-aop-6.1.6.jar!/:6.1.6]
	at org.springframework.transaction.interceptor.TransactionInterceptor$1.proceedWithInvocation(TransactionInterceptor.java:123) ~[spring-tx-6.1.6.jar!/:6.1.6]
	at org.springframework.transaction.interceptor.TransactionAspectSupport.invokeWithinTransaction(TransactionAspectSupport.java:392) ~[spring-tx-6.1.6.jar!/:6.1.6]
	at org.springframework.transaction.interceptor.TransactionInterceptor.invoke(TransactionInterceptor.java:119) ~[spring-tx-6.1.6.jar!/:6.1.6]
	at org.springframework.aop.framework.ReflectiveMethodInvocation.proceed(ReflectiveMethodInvocation.java:184) ~[spring-aop-6.1.6.jar!/:6.1.6]
	at org.springframework.aop.framework.CglibAopProxy$CglibMethodInvocation.proceed(CglibAopProxy.java:768) ~[spring-aop-6.1.6.jar!/:6.1.6]
	at org.springframework.aop.framework.CglibAopProxy$DynamicAdvisedInterceptor.intercept(CglibAopProxy.java:720) ~[spring-aop-6.1.6.jar!/:6.1.6]
	at top.sharehome.springbootinittemplate.service.impl.UserServiceImpl$$SpringCGLIB$$0.addUser(<generated>) ~[!/:v2.2.1-jdk17-pre]
	at top.sharehome.springbootinittemplate.controller.user.UserController.addUser(UserController.java:90) ~[!/:v2.2.1-jdk17-pre]
	at java.base/jdk.internal.reflect.NativeMethodAccessorImpl.invoke0(Native Method) ~[na:na]
	at java.base/jdk.internal.reflect.NativeMethodAccessorImpl.invoke(NativeMethodAccessorImpl.java:77) ~[na:na]
	at java.base/jdk.internal.reflect.DelegatingMethodAccessorImpl.invoke(DelegatingMethodAccessorImpl.java:43) ~[na:na]
	at java.base/java.lang.reflect.Method.invoke(Method.java:569) ~[na:na]
	at org.springframework.aop.support.AopUtils.invokeJoinpointUsingReflection(AopUtils.java:354) ~[spring-aop-6.1.6.jar!/:6.1.6]
	at org.springframework.aop.framework.ReflectiveMethodInvocation.invokeJoinpoint(ReflectiveMethodInvocation.java:196) ~[spring-aop-6.1.6.jar!/:6.1.6]
	at org.springframework.aop.framework.ReflectiveMethodInvocation.proceed(ReflectiveMethodInvocation.java:163) ~[spring-aop-6.1.6.jar!/:6.1.6]
	at org.springframework.aop.framework.CglibAopProxy$CglibMethodInvocation.proceed(CglibAopProxy.java:768) ~[spring-aop-6.1.6.jar!/:6.1.6]
	at org.springframework.aop.aspectj.AspectJAfterThrowingAdvice.invoke(AspectJAfterThrowingAdvice.java:64) ~[spring-aop-6.1.6.jar!/:6.1.6]
	at org.springframework.aop.framework.ReflectiveMethodInvocation.proceed(ReflectiveMethodInvocation.java:173) ~[spring-aop-6.1.6.jar!/:6.1.6]
	at org.springframework.aop.framework.CglibAopProxy$CglibMethodInvocation.proceed(CglibAopProxy.java:768) ~[spring-aop-6.1.6.jar!/:6.1.6]
	at org.springframework.aop.framework.adapter.AfterReturningAdviceInterceptor.invoke(AfterReturningAdviceInterceptor.java:57) ~[spring-aop-6.1.6.jar!/:6.1.6]
	at org.springframework.aop.framework.ReflectiveMethodInvocation.proceed(ReflectiveMethodInvocation.java:173) ~[spring-aop-6.1.6.jar!/:6.1.6]
	at org.springframework.aop.framework.CglibAopProxy$CglibMethodInvocation.proceed(CglibAopProxy.java:768) ~[spring-aop-6.1.6.jar!/:6.1.6]
	at org.springframework.aop.framework.adapter.MethodBeforeAdviceInterceptor.invoke(MethodBeforeAdviceInterceptor.java:58) ~[spring-aop-6.1.6.jar!/:6.1.6]
	at org.springframework.aop.framework.ReflectiveMethodInvocation.proceed(ReflectiveMethodInvocation.java:173) ~[spring-aop-6.1.6.jar!/:6.1.6]
	at org.springframework.aop.framework.CglibAopProxy$CglibMethodInvocation.proceed(CglibAopProxy.java:768) ~[spring-aop-6.1.6.jar!/:6.1.6]
	at org.springframework.aop.interceptor.ExposeInvocationInterceptor.invoke(ExposeInvocationInterceptor.java:97) ~[spring-aop-6.1.6.jar!/:6.1.6]
	at org.springframework.aop.framework.ReflectiveMethodInvocation.proceed(ReflectiveMethodInvocation.java:184) ~[spring-aop-6.1.6.jar!/:6.1.6]
	at org.springframework.aop.framework.CglibAopProxy$CglibMethodInvocation.proceed(CglibAopProxy.java:768) ~[spring-aop-6.1.6.jar!/:6.1.6]
	at org.springframework.aop.framework.CglibAopProxy$DynamicAdvisedInterceptor.intercept(CglibAopProxy.java:720) ~[spring-aop-6.1.6.jar!/:6.1.6]
	at top.sharehome.springbootinittemplate.controller.user.UserController$$SpringCGLIB$$0.addUser(<generated>) ~[!/:v2.2.1-jdk17-pre]
	at java.base/jdk.internal.reflect.NativeMethodAccessorImpl.invoke0(Native Method) ~[na:na]
	at java.base/jdk.internal.reflect.NativeMethodAccessorImpl.invoke(NativeMethodAccessorImpl.java:77) ~[na:na]
	at java.base/jdk.internal.reflect.DelegatingMethodAccessorImpl.invoke(DelegatingMethodAccessorImpl.java:43) ~[na:na]
	at java.base/java.lang.reflect.Method.invoke(Method.java:569) ~[na:na]
	at org.springframework.web.method.support.InvocableHandlerMethod.doInvoke(InvocableHandlerMethod.java:255) ~[spring-web-6.1.6.jar!/:6.1.6]
	at org.springframework.web.method.support.InvocableHandlerMethod.invokeForRequest(InvocableHandlerMethod.java:188) ~[spring-web-6.1.6.jar!/:6.1.6]
	at org.springframework.web.servlet.mvc.method.annotation.ServletInvocableHandlerMethod.invokeAndHandle(ServletInvocableHandlerMethod.java:118) ~[spring-webmvc-6.1.6.jar!/:6.1.6]
	at org.springframework.web.servlet.mvc.method.annotation.RequestMappingHandlerAdapter.invokeHandlerMethod(RequestMappingHandlerAdapter.java:926) ~[spring-webmvc-6.1.6.jar!/:6.1.6]
	at org.springframework.web.servlet.mvc.method.annotation.RequestMappingHandlerAdapter.handleInternal(RequestMappingHandlerAdapter.java:831) ~[spring-webmvc-6.1.6.jar!/:6.1.6]
	at org.springframework.web.servlet.mvc.method.AbstractHandlerMethodAdapter.handle(AbstractHandlerMethodAdapter.java:87) ~[spring-webmvc-6.1.6.jar!/:6.1.6]
	at org.springframework.web.servlet.DispatcherServlet.doDispatch(DispatcherServlet.java:1089) ~[spring-webmvc-6.1.6.jar!/:6.1.6]
	at org.springframework.web.servlet.DispatcherServlet.doService(DispatcherServlet.java:979) ~[spring-webmvc-6.1.6.jar!/:6.1.6]
	at org.springframework.web.servlet.FrameworkServlet.processRequest(FrameworkServlet.java:1014) ~[spring-webmvc-6.1.6.jar!/:6.1.6]
	at org.springframework.web.servlet.FrameworkServlet.doPost(FrameworkServlet.java:914) ~[spring-webmvc-6.1.6.jar!/:6.1.6]
	at jakarta.servlet.http.HttpServlet.service(HttpServlet.java:547) ~[jakarta.servlet-api-6.0.0.jar!/:6.0.0]
	at org.springframework.web.servlet.FrameworkServlet.service(FrameworkServlet.java:885) ~[spring-webmvc-6.1.6.jar!/:6.1.6]
	at jakarta.servlet.http.HttpServlet.service(HttpServlet.java:614) ~[jakarta.servlet-api-6.0.0.jar!/:6.0.0]
	at io.undertow.servlet.handlers.ServletHandler.handleRequest(ServletHandler.java:74) ~[undertow-servlet-2.3.12.Final.jar!/:2.3.12.Final]
	at io.undertow.servlet.handlers.FilterHandler$FilterChainImpl.doFilter(FilterHandler.java:129) ~[undertow-servlet-2.3.12.Final.jar!/:2.3.12.Final]
	at org.springframework.web.filter.RequestContextFilter.doFilterInternal(RequestContextFilter.java:100) ~[spring-web-6.1.6.jar!/:6.1.6]
	at org.springframework.web.filter.OncePerRequestFilter.doFilter(OncePerRequestFilter.java:116) ~[spring-web-6.1.6.jar!/:6.1.6]
	at io.undertow.servlet.core.ManagedFilter.doFilter(ManagedFilter.java:67) ~[undertow-servlet-2.3.12.Final.jar!/:2.3.12.Final]
	at io.undertow.servlet.handlers.FilterHandler$FilterChainImpl.doFilter(FilterHandler.java:131) ~[undertow-servlet-2.3.12.Final.jar!/:2.3.12.Final]
	at cn.dev33.satoken.filter.SaPathCheckFilterForJakartaServlet.doFilter(SaPathCheckFilterForJakartaServlet.java:55) ~[sa-token-spring-boot3-starter-1.39.0.jar!/:na]
	at io.undertow.servlet.core.ManagedFilter.doFilter(ManagedFilter.java:67) ~[undertow-servlet-2.3.12.Final.jar!/:2.3.12.Final]
	at io.undertow.servlet.handlers.FilterHandler$FilterChainImpl.doFilter(FilterHandler.java:131) ~[undertow-servlet-2.3.12.Final.jar!/:2.3.12.Final]
	at org.springframework.web.filter.FormContentFilter.doFilterInternal(FormContentFilter.java:93) ~[spring-web-6.1.6.jar!/:6.1.6]
	at org.springframework.web.filter.OncePerRequestFilter.doFilter(OncePerRequestFilter.java:116) ~[spring-web-6.1.6.jar!/:6.1.6]
	at io.undertow.servlet.core.ManagedFilter.doFilter(ManagedFilter.java:67) ~[undertow-servlet-2.3.12.Final.jar!/:2.3.12.Final]
	at io.undertow.servlet.handlers.FilterHandler$FilterChainImpl.doFilter(FilterHandler.java:131) ~[undertow-servlet-2.3.12.Final.jar!/:2.3.12.Final]
	at org.springframework.web.filter.ServerHttpObservationFilter.doFilterInternal(ServerHttpObservationFilter.java:109) ~[spring-web-6.1.6.jar!/:6.1.6]
	at org.springframework.web.filter.OncePerRequestFilter.doFilter(OncePerRequestFilter.java:116) ~[spring-web-6.1.6.jar!/:6.1.6]
	at io.undertow.servlet.core.ManagedFilter.doFilter(ManagedFilter.java:67) ~[undertow-servlet-2.3.12.Final.jar!/:2.3.12.Final]
	at io.undertow.servlet.handlers.FilterHandler$FilterChainImpl.doFilter(FilterHandler.java:131) ~[undertow-servlet-2.3.12.Final.jar!/:2.3.12.Final]
	at org.springframework.web.filter.CharacterEncodingFilter.doFilterInternal(CharacterEncodingFilter.java:201) ~[spring-web-6.1.6.jar!/:6.1.6]
	at org.springframework.web.filter.OncePerRequestFilter.doFilter(OncePerRequestFilter.java:116) ~[spring-web-6.1.6.jar!/:6.1.6]
	at io.undertow.servlet.core.ManagedFilter.doFilter(ManagedFilter.java:67) ~[undertow-servlet-2.3.12.Final.jar!/:2.3.12.Final]
	at io.undertow.servlet.handlers.FilterHandler$FilterChainImpl.doFilter(FilterHandler.java:131) ~[undertow-servlet-2.3.12.Final.jar!/:2.3.12.Final]
	at io.undertow.servlet.handlers.FilterHandler.handleRequest(FilterHandler.java:84) ~[undertow-servlet-2.3.12.Final.jar!/:2.3.12.Final]
	at io.undertow.servlet.handlers.security.ServletSecurityRoleHandler.handleRequest(ServletSecurityRoleHandler.java:62) ~[undertow-servlet-2.3.12.Final.jar!/:2.3.12.Final]
	at io.undertow.servlet.handlers.ServletChain$1.handleRequest(ServletChain.java:68) ~[undertow-servlet-2.3.12.Final.jar!/:2.3.12.Final]
	at io.undertow.servlet.handlers.ServletDispatchingHandler.handleRequest(ServletDispatchingHandler.java:36) ~[undertow-servlet-2.3.12.Final.jar!/:2.3.12.Final]
	at io.undertow.servlet.handlers.RedirectDirHandler.handleRequest(RedirectDirHandler.java:68) ~[undertow-servlet-2.3.12.Final.jar!/:2.3.12.Final]
	at io.undertow.servlet.handlers.security.SSLInformationAssociationHandler.handleRequest(SSLInformationAssociationHandler.java:117) ~[undertow-servlet-2.3.12.Final.jar!/:2.3.12.Final]
	at io.undertow.servlet.handlers.security.ServletAuthenticationCallHandler.handleRequest(ServletAuthenticationCallHandler.java:57) ~[undertow-servlet-2.3.12.Final.jar!/:2.3.12.Final]
	at io.undertow.server.handlers.PredicateHandler.handleRequest(PredicateHandler.java:43) ~[undertow-core-2.3.12.Final.jar!/:2.3.12.Final]
	at io.undertow.security.handlers.AbstractConfidentialityHandler.handleRequest(AbstractConfidentialityHandler.java:46) ~[undertow-core-2.3.12.Final.jar!/:2.3.12.Final]
	at io.undertow.servlet.handlers.security.ServletConfidentialityConstraintHandler.handleRequest(ServletConfidentialityConstraintHandler.java:64) ~[undertow-servlet-2.3.12.Final.jar!/:2.3.12.Final]
	at io.undertow.security.handlers.AuthenticationMechanismsHandler.handleRequest(AuthenticationMechanismsHandler.java:60) ~[undertow-core-2.3.12.Final.jar!/:2.3.12.Final]
	at io.undertow.servlet.handlers.security.CachedAuthenticatedSessionHandler.handleRequest(CachedAuthenticatedSessionHandler.java:77) ~[undertow-servlet-2.3.12.Final.jar!/:2.3.12.Final]
	at io.undertow.security.handlers.AbstractSecurityContextAssociationHandler.handleRequest(AbstractSecurityContextAssociationHandler.java:43) ~[undertow-core-2.3.12.Final.jar!/:2.3.12.Final]
	at io.undertow.server.handlers.PredicateHandler.handleRequest(PredicateHandler.java:43) ~[undertow-core-2.3.12.Final.jar!/:2.3.12.Final]
	at io.undertow.servlet.handlers.SendErrorPageHandler.handleRequest(SendErrorPageHandler.java:52) ~[undertow-servlet-2.3.12.Final.jar!/:2.3.12.Final]
	at io.undertow.server.handlers.PredicateHandler.handleRequest(PredicateHandler.java:43) ~[undertow-core-2.3.12.Final.jar!/:2.3.12.Final]
	at io.undertow.servlet.handlers.ServletInitialHandler.handleFirstRequest(ServletInitialHandler.java:276) ~[undertow-servlet-2.3.12.Final.jar!/:2.3.12.Final]
	at io.undertow.servlet.handlers.ServletInitialHandler$2.call(ServletInitialHandler.java:135) ~[undertow-servlet-2.3.12.Final.jar!/:2.3.12.Final]
	at io.undertow.servlet.handlers.ServletInitialHandler$2.call(ServletInitialHandler.java:132) ~[undertow-servlet-2.3.12.Final.jar!/:2.3.12.Final]
	at io.undertow.servlet.core.ServletRequestContextThreadSetupAction$1.call(ServletRequestContextThreadSetupAction.java:48) ~[undertow-servlet-2.3.12.Final.jar!/:2.3.12.Final]
	at io.undertow.servlet.core.ContextClassLoaderSetupAction$1.call(ContextClassLoaderSetupAction.java:43) ~[undertow-servlet-2.3.12.Final.jar!/:2.3.12.Final]
	at io.undertow.servlet.handlers.ServletInitialHandler.dispatchRequest(ServletInitialHandler.java:256) ~[undertow-servlet-2.3.12.Final.jar!/:2.3.12.Final]
	at io.undertow.servlet.handlers.ServletInitialHandler$1.handleRequest(ServletInitialHandler.java:101) ~[undertow-servlet-2.3.12.Final.jar!/:2.3.12.Final]
	at io.undertow.server.Connectors.executeRootHandler(Connectors.java:393) ~[undertow-core-2.3.12.Final.jar!/:2.3.12.Final]
	at io.undertow.server.HttpServerExchange$1.run(HttpServerExchange.java:859) ~[undertow-core-2.3.12.Final.jar!/:2.3.12.Final]
	at org.jboss.threads.ContextHandler$1.runWith(ContextHandler.java:18) ~[jboss-threads-3.5.0.Final.jar!/:3.5.0.Final]
	at org.jboss.threads.EnhancedQueueExecutor$Task.run(EnhancedQueueExecutor.java:2513) ~[jboss-threads-3.5.0.Final.jar!/:3.5.0.Final]
	at org.jboss.threads.EnhancedQueueExecutor$ThreadBody.run(EnhancedQueueExecutor.java:1538) ~[jboss-threads-3.5.0.Final.jar!/:3.5.0.Final]
	at org.xnio.XnioWorker$WorkerThreadFactory$1$1.run(XnioWorker.java:1282) ~[xnio-api-3.8.8.Final.jar!/:3.8.8.Final]
	at java.base/java.lang.Thread.run(Thread.java:840) ~[na:na]
Caused by: java.sql.SQLException: Field 'user_id' doesn't have a default value
	at com.mysql.cj.jdbc.exceptions.SQLError.createSQLException(SQLError.java:130) ~[mysql-connector-j-8.0.33.jar!/:8.0.33]
	at com.mysql.cj.jdbc.exceptions.SQLExceptionsMapping.translateException(SQLExceptionsMapping.java:122) ~[mysql-connector-j-8.0.33.jar!/:8.0.33]
	at com.mysql.cj.jdbc.ServerPreparedStatement.serverExecute(ServerPreparedStatement.java:555) ~[mysql-connector-j-8.0.33.jar!/:8.0.33]
	at com.mysql.cj.jdbc.ServerPreparedStatement.executeInternal(ServerPreparedStatement.java:339) ~[mysql-connector-j-8.0.33.jar!/:8.0.33]
	at com.mysql.cj.jdbc.ClientPreparedStatement.execute(ClientPreparedStatement.java:354) ~[mysql-connector-j-8.0.33.jar!/:8.0.33]
	at com.zaxxer.hikari.pool.ProxyPreparedStatement.execute(ProxyPreparedStatement.java:44) ~[HikariCP-5.0.1.jar!/:na]
	at com.zaxxer.hikari.pool.HikariProxyPreparedStatement.execute(HikariProxyPreparedStatement.java) ~[HikariCP-5.0.1.jar!/:na]
	at org.apache.shardingsphere.driver.executor.callback.execute.ExecuteCallbackFactory$1.executeSQL(ExecuteCallbackFactory.java:55) ~[shardingsphere-jdbc-5.5.1.jar!/:5.5.1]
	at org.apache.shardingsphere.driver.executor.callback.execute.ExecuteCallbackFactory$1.executeSQL(ExecuteCallbackFactory.java:51) ~[shardingsphere-jdbc-5.5.1.jar!/:5.5.1]
	at org.apache.shardingsphere.infra.executor.sql.execute.engine.driver.jdbc.JDBCExecutorCallback.execute(JDBCExecutorCallback.java:85) ~[shardingsphere-infra-executor-5.5.1.jar!/:5.5.1]
	at org.apache.shardingsphere.infra.executor.sql.execute.engine.driver.jdbc.JDBCExecutorCallback.execute(JDBCExecutorCallback.java:64) ~[shardingsphere-infra-executor-5.5.1.jar!/:5.5.1]
	at org.apache.shardingsphere.infra.executor.kernel.ExecutorEngine.syncExecute(ExecutorEngine.java:99) ~[shardingsphere-infra-executor-5.5.1.jar!/:5.5.1]
	at org.apache.shardingsphere.infra.executor.kernel.ExecutorEngine.parallelExecute(ExecutorEngine.java:95) ~[shardingsphere-infra-executor-5.5.1.jar!/:5.5.1]
	at org.apache.shardingsphere.infra.executor.kernel.ExecutorEngine.execute(ExecutorEngine.java:78) ~[shardingsphere-infra-executor-5.5.1.jar!/:5.5.1]
	at org.apache.shardingsphere.infra.executor.sql.execute.engine.driver.jdbc.JDBCExecutor.execute(JDBCExecutor.java:66) ~[shardingsphere-infra-executor-5.5.1.jar!/:5.5.1]
	at org.apache.shardingsphere.infra.executor.sql.execute.engine.driver.jdbc.JDBCExecutor.execute(JDBCExecutor.java:50) ~[shardingsphere-infra-executor-5.5.1.jar!/:5.5.1]
	at org.apache.shardingsphere.driver.executor.engine.pushdown.jdbc.DriverJDBCPushDownExecuteExecutor.doExecute(DriverJDBCPushDownExecuteExecutor.java:102) ~[shardingsphere-jdbc-5.5.1.jar!/:5.5.1]
	at org.apache.shardingsphere.driver.executor.engine.pushdown.jdbc.DriverJDBCPushDownExecuteExecutor.lambda$execute$0(DriverJDBCPushDownExecuteExecutor.java:87) ~[shardingsphere-jdbc-5.5.1.jar!/:5.5.1]
	at org.apache.shardingsphere.driver.executor.engine.transaction.DriverTransactionalExecutor.execute(DriverTransactionalExecutor.java:56) ~[shardingsphere-jdbc-5.5.1.jar!/:5.5.1]
	at org.apache.shardingsphere.driver.executor.engine.pushdown.jdbc.DriverJDBCPushDownExecuteExecutor.execute(DriverJDBCPushDownExecuteExecutor.java:86) ~[shardingsphere-jdbc-5.5.1.jar!/:5.5.1]
	at org.apache.shardingsphere.driver.executor.engine.DriverExecuteExecutor.executePushDown(DriverExecuteExecutor.java:117) ~[shardingsphere-jdbc-5.5.1.jar!/:5.5.1]
	at org.apache.shardingsphere.driver.executor.engine.DriverExecuteExecutor.execute(DriverExecuteExecutor.java:105) ~[shardingsphere-jdbc-5.5.1.jar!/:5.5.1]
	at org.apache.shardingsphere.driver.executor.engine.facade.standard.StandardDriverExecutorFacade.execute(StandardDriverExecutorFacade.java:110) ~[shardingsphere-jdbc-5.5.1.jar!/:5.5.1]
	at org.apache.shardingsphere.driver.jdbc.core.statement.ShardingSpherePreparedStatement.execute(ShardingSpherePreparedStatement.java:248) ~[shardingsphere-jdbc-5.5.1.jar!/:5.5.1]
	at com.zaxxer.hikari.pool.ProxyPreparedStatement.execute(ProxyPreparedStatement.java:44) ~[HikariCP-5.0.1.jar!/:na]
	at com.zaxxer.hikari.pool.HikariProxyPreparedStatement.execute(HikariProxyPreparedStatement.java) ~[HikariCP-5.0.1.jar!/:na]
	at java.base/jdk.internal.reflect.NativeMethodAccessorImpl.invoke0(Native Method) ~[na:na]
	at java.base/jdk.internal.reflect.NativeMethodAccessorImpl.invoke(NativeMethodAccessorImpl.java:77) ~[na:na]
	at java.base/jdk.internal.reflect.DelegatingMethodAccessorImpl.invoke(DelegatingMethodAccessorImpl.java:43) ~[na:na]
	at java.base/java.lang.reflect.Method.invoke(Method.java:569) ~[na:na]
	at org.apache.ibatis.logging.jdbc.PreparedStatementLogger.invoke(PreparedStatementLogger.java:58) ~[mybatis-3.5.16.jar!/:3.5.16]
	at jdk.proxy3/jdk.proxy3.$Proxy183.execute(Unknown Source) ~[na:na]
	at org.apache.ibatis.executor.statement.PreparedStatementHandler.update(PreparedStatementHandler.java:48) ~[mybatis-3.5.16.jar!/:3.5.16]
	at org.apache.ibatis.executor.statement.RoutingStatementHandler.update(RoutingStatementHandler.java:75) ~[mybatis-3.5.16.jar!/:3.5.16]
	at java.base/jdk.internal.reflect.NativeMethodAccessorImpl.invoke0(Native Method) ~[na:na]
	at java.base/jdk.internal.reflect.NativeMethodAccessorImpl.invoke(NativeMethodAccessorImpl.java:77) ~[na:na]
	at java.base/jdk.internal.reflect.DelegatingMethodAccessorImpl.invoke(DelegatingMethodAccessorImpl.java:43) ~[na:na]
	at java.base/java.lang.reflect.Method.invoke(Method.java:569) ~[na:na]
	at org.apache.ibatis.plugin.Plugin.invoke(Plugin.java:61) ~[mybatis-3.5.16.jar!/:3.5.16]
	at jdk.proxy2/jdk.proxy2.$Proxy182.update(Unknown Source) ~[na:na]
	at org.apache.ibatis.executor.SimpleExecutor.doUpdate(SimpleExecutor.java:50) ~[mybatis-3.5.16.jar!/:3.5.16]
	at org.apache.ibatis.executor.BaseExecutor.update(BaseExecutor.java:117) ~[mybatis-3.5.16.jar!/:3.5.16]
	at org.apache.ibatis.executor.CachingExecutor.update(CachingExecutor.java:76) ~[mybatis-3.5.16.jar!/:3.5.16]
	at java.base/jdk.internal.reflect.NativeMethodAccessorImpl.invoke0(Native Method) ~[na:na]
	at java.base/jdk.internal.reflect.NativeMethodAccessorImpl.invoke(NativeMethodAccessorImpl.java:77) ~[na:na]
	at java.base/jdk.internal.reflect.DelegatingMethodAccessorImpl.invoke(DelegatingMethodAccessorImpl.java:43) ~[na:na]
	at java.base/java.lang.reflect.Method.invoke(Method.java:569) ~[na:na]
	at org.apache.ibatis.plugin.Invocation.proceed(Invocation.java:61) ~[mybatis-3.5.16.jar!/:3.5.16]
	at com.baomidou.mybatisplus.extension.plugins.MybatisPlusInterceptor.intercept(MybatisPlusInterceptor.java:106) ~[mybatis-plus-extension-3.5.8.jar!/:3.5.8]
	at org.apache.ibatis.plugin.Plugin.invoke(Plugin.java:59) ~[mybatis-3.5.16.jar!/:3.5.16]
	at jdk.proxy2/jdk.proxy2.$Proxy181.update(Unknown Source) ~[na:na]
	at org.apache.ibatis.session.defaults.DefaultSqlSession.update(DefaultSqlSession.java:197) ~[mybatis-3.5.16.jar!/:3.5.16]
	at org.apache.ibatis.session.defaults.DefaultSqlSession.insert(DefaultSqlSession.java:184) ~[mybatis-3.5.16.jar!/:3.5.16]
	at java.base/jdk.internal.reflect.NativeMethodAccessorImpl.invoke0(Native Method) ~[na:na]
	at java.base/jdk.internal.reflect.NativeMethodAccessorImpl.invoke(NativeMethodAccessorImpl.java:77) ~[na:na]
	at java.base/jdk.internal.reflect.DelegatingMethodAccessorImpl.invoke(DelegatingMethodAccessorImpl.java:43) ~[na:na]
	at java.base/java.lang.reflect.Method.invoke(Method.java:569) ~[na:na]
	at org.mybatis.spring.SqlSessionTemplate$SqlSessionInterceptor.invoke(SqlSessionTemplate.java:333) ~[mybatis-spring-3.0.4.jar!/:3.0.4]
	... 113 common frames omitted

2026-03-08T03:19:32.293+08:00  INFO 1111147 --- [spring-boot-init-template] [  XNIO-1 task-2] ShardingSphere-SQL                       : Logic SQL: SELECT 1
2026-03-08T03:19:32.293+08:00  INFO 1111147 --- [spring-boot-init-template] [  XNIO-1 task-2] ShardingSphere-SQL                       : Actual SQL(simple): [ds_master] ::: 1
2026-03-08T03:19:32.370+08:00 DEBUG 1111147 --- [spring-boot-init-template] [  XNIO-1 task-2] t.s.s.mapper.UserMapper.selectCount      : ==>  Preparing: SELECT COUNT( * ) AS total FROM t_user WHERE is_deleted=0 AND (user_account = ?)
2026-03-08T03:19:32.371+08:00 DEBUG 1111147 --- [spring-boot-init-template] [  XNIO-1 task-2] t.s.s.mapper.UserMapper.selectCount      : ==> Parameters: auditor(String)
2026-03-08T03:19:32.372+08:00  INFO 1111147 --- [spring-boot-init-template] [  XNIO-1 task-2] ShardingSphere-SQL                       : Logic SQL: SELECT COUNT( * ) AS total FROM t_user  WHERE is_deleted=0     AND (user_account = ?)
2026-03-08T03:19:32.372+08:00  INFO 1111147 --- [spring-boot-init-template] [  XNIO-1 task-2] ShardingSphere-SQL                       : Actual SQL(simple): [ds_master] ::: 1
2026-03-08T03:19:32.449+08:00 DEBUG 1111147 --- [spring-boot-init-template] [  XNIO-1 task-2] t.s.s.mapper.UserMapper.selectCount      : <==      Total: 1
2026-03-08T03:19:32.455+08:00  INFO 1111147 --- [spring-boot-init-template] [  XNIO-1 task-2] e.p.i.DataChangeRecorderInnerInterceptor : {"tableName":"t_user","operation":"insert","recordStatus":"true","changedData":[{"IS_DELETED":"null->0","USER_AVATAR_ID":"null->-1","USER_PASSWORD":"null->123456","USER_EMAIL":"null->auditor@test.com","USER_STATE":"null->0","USER_NAME":"null->测试审核员","CREATE_TIME":"null->2026-03-08T03:19:32.451596252","UPDATE_TIME":"null->2026-03-08T03:19:32.451560934","USER_ROLE":"null->user","USER_ACCOUNT":"null->auditor"}],"cost(ms)":4}
2026-03-08T03:19:32.456+08:00 DEBUG 1111147 --- [spring-boot-init-template] [  XNIO-1 task-2] t.s.s.mapper.UserMapper.insert           : ==>  Preparing: INSERT INTO t_user ( user_account, user_password, user_email, user_name, user_avatar_id, user_role, user_state, create_time, update_time, is_deleted ) VALUES ( ?, ?, ?, ?, ?, ?, ?, ?, ?, ? )
2026-03-08T03:19:32.457+08:00 DEBUG 1111147 --- [spring-boot-init-template] [  XNIO-1 task-2] t.s.s.mapper.UserMapper.insert           : ==> Parameters: auditor(String), 123456(String), auditor@test.com(String), 测试审核员(String), -1(Long), user(String), 0(Integer), 2026-03-08T03:19:32.451596252(LocalDateTime), 2026-03-08T03:19:32.451560934(LocalDateTime), 0(Integer)
2026-03-08T03:19:32.458+08:00  INFO 1111147 --- [spring-boot-init-template] [  XNIO-1 task-2] ShardingSphere-SQL                       : Logic SQL: INSERT INTO t_user  ( user_account, user_password, user_email,  user_name, user_avatar_id, user_role, user_state, create_time, update_time, is_deleted )  VALUES (  ?, ?, ?,  ?, ?, ?, ?, ?, ?, ?  )
2026-03-08T03:19:32.459+08:00  INFO 1111147 --- [spring-boot-init-template] [  XNIO-1 task-2] ShardingSphere-SQL                       : Actual SQL(simple): [ds_master] ::: 1
2026-03-08T03:19:32.533+08:00 DEBUG 1111147 --- [spring-boot-init-template] [  XNIO-1 task-2] t.s.s.mapper.UserMapper.insert           : <==    Updates: 1
2026-03-08T03:19:32.632+08:00  WARN 1111147 --- [spring-boot-init-template] [  XNIO-1 task-2] t.s.s.utils.net.NetUtils                 : IP region searcher not available: No qualifying bean of type 'org.lionsoul.ip2region.xdb.Searcher' available
2026-03-08T03:19:32.640+08:00  INFO 1111147 --- [spring-boot-init-template] [  XNIO-1 task-2] e.p.i.DataChangeRecorderInnerInterceptor : {"tableName":"t_log","operation":"insert","recordStatus":"true","changedData":[{"LOG_DESCRIPTION":"null->管理员添加用户信息","IS_DELETED":"null->0","LOG_TIME":"null->340","LOG_RESULT":"null->0","LOG_JSON":"null->{\"msg\":\"添加成功\",\"code\":200}","LOG_IP":"null->127.0.0.1","UPDATE_TIME":"null->2026-03-08T03:19:32.634738257","LOG_URI":"null->/api/user/add","LOG_REQUEST_METHOD":"null->POST","LOG_METHOD":"null->top.sharehome.springbootinittemplate.controller.user.UserController.addUser","LOG_USER_ID":"null->1900","LOG_PARAM":"null->{\"name\":\"测试审核员\",\"account\":\"auditor\"}","LOG_LOCATION":"null->Unknown","ID":"null->2030362733479256066","CREATE_TIME":"null->2026-03-08T03:19:32.634773567","LOG_OPERATOR":"null->1"}],"cost(ms)":5}
2026-03-08T03:19:32.641+08:00 DEBUG 1111147 --- [spring-boot-init-template] [  XNIO-1 task-2] t.s.s.mapper.LogMapper.insert            : ==>  Preparing: INSERT INTO t_log ( log_id, log_uri, log_description, log_operator, log_request_method, log_method, log_user_id, log_ip, log_location, log_param, log_result, log_json, log_time, create_time, update_time, is_deleted ) VALUES ( ?, ?, ?, ?, ?, ?, ?, ?, ?, ?, ?, ?, ?, ?, ?, ? )
2026-03-08T03:19:32.643+08:00 DEBUG 1111147 --- [spring-boot-init-template] [  XNIO-1 task-2] t.s.s.mapper.LogMapper.insert            : ==> Parameters: 2030362733479256066(Long), /api/user/add(String), 管理员添加用户信息(String), 1(Integer), POST(String), top.sharehome.springbootinittemplate.controller.user.UserController.addUser(String), 1900(Long), 127.0.0.1(String), Unknown(String), {"name":"测试审核员","account":"auditor"}(String), 0(Integer), {"msg":"添加成功","code":200}(String), 340(Long), 2026-03-08T03:19:32.634773567(LocalDateTime), 2026-03-08T03:19:32.634738257(LocalDateTime), 0(Integer)
2026-03-08T03:19:32.644+08:00  INFO 1111147 --- [spring-boot-init-template] [  XNIO-1 task-2] ShardingSphere-SQL                       : Logic SQL: INSERT INTO t_log  ( log_id, log_uri, log_description, log_operator, log_request_method, log_method, log_user_id, log_ip, log_location, log_param, log_result, log_json, log_time, create_time, update_time, is_deleted )  VALUES (  ?, ?, ?, ?, ?, ?, ?, ?, ?, ?, ?, ?, ?, ?, ?, ?  )
2026-03-08T03:19:32.644+08:00  INFO 1111147 --- [spring-boot-init-template] [  XNIO-1 task-2] ShardingSphere-SQL                       : Actual SQL(simple): [ds_master] ::: 1
2026-03-08T03:19:32.722+08:00 DEBUG 1111147 --- [spring-boot-init-template] [  XNIO-1 task-2] t.s.s.mapper.LogMapper.insert            : <==    Updates: 1
2026-03-08T03:19:38.670+08:00 ERROR 1111147 --- [spring-boot-init-template] [  XNIO-1 task-2] t.s.s.exception.GlobalExceptionHandler   : 未找到路径或资源'/api/user/update',发生系统异常.

org.springframework.web.servlet.resource.NoResourceFoundException: No static resource user/update.
	at org.springframework.web.servlet.resource.ResourceHttpRequestHandler.handleRequest(ResourceHttpRequestHandler.java:585) ~[spring-webmvc-6.1.6.jar!/:6.1.6]
	at org.springframework.web.servlet.mvc.HttpRequestHandlerAdapter.handle(HttpRequestHandlerAdapter.java:52) ~[spring-webmvc-6.1.6.jar!/:6.1.6]
	at org.springframework.web.servlet.DispatcherServlet.doDispatch(DispatcherServlet.java:1089) ~[spring-webmvc-6.1.6.jar!/:6.1.6]
	at org.springframework.web.servlet.DispatcherServlet.doService(DispatcherServlet.java:979) ~[spring-webmvc-6.1.6.jar!/:6.1.6]
	at org.springframework.web.servlet.FrameworkServlet.processRequest(FrameworkServlet.java:1014) ~[spring-webmvc-6.1.6.jar!/:6.1.6]
	at org.springframework.web.servlet.FrameworkServlet.doPost(FrameworkServlet.java:914) ~[spring-webmvc-6.1.6.jar!/:6.1.6]
	at jakarta.servlet.http.HttpServlet.service(HttpServlet.java:547) ~[jakarta.servlet-api-6.0.0.jar!/:6.0.0]
	at org.springframework.web.servlet.FrameworkServlet.service(FrameworkServlet.java:885) ~[spring-webmvc-6.1.6.jar!/:6.1.6]
	at jakarta.servlet.http.HttpServlet.service(HttpServlet.java:614) ~[jakarta.servlet-api-6.0.0.jar!/:6.0.0]
	at io.undertow.servlet.handlers.ServletHandler.handleRequest(ServletHandler.java:74) ~[undertow-servlet-2.3.12.Final.jar!/:2.3.12.Final]
	at io.undertow.servlet.handlers.FilterHandler$FilterChainImpl.doFilter(FilterHandler.java:129) ~[undertow-servlet-2.3.12.Final.jar!/:2.3.12.Final]
	at org.springframework.web.filter.RequestContextFilter.doFilterInternal(RequestContextFilter.java:100) ~[spring-web-6.1.6.jar!/:6.1.6]
	at org.springframework.web.filter.OncePerRequestFilter.doFilter(OncePerRequestFilter.java:116) ~[spring-web-6.1.6.jar!/:6.1.6]
	at io.undertow.servlet.core.ManagedFilter.doFilter(ManagedFilter.java:67) ~[undertow-servlet-2.3.12.Final.jar!/:2.3.12.Final]
	at io.undertow.servlet.handlers.FilterHandler$FilterChainImpl.doFilter(FilterHandler.java:131) ~[undertow-servlet-2.3.12.Final.jar!/:2.3.12.Final]
	at cn.dev33.satoken.filter.SaPathCheckFilterForJakartaServlet.doFilter(SaPathCheckFilterForJakartaServlet.java:55) ~[sa-token-spring-boot3-starter-1.39.0.jar!/:na]
	at io.undertow.servlet.core.ManagedFilter.doFilter(ManagedFilter.java:67) ~[undertow-servlet-2.3.12.Final.jar!/:2.3.12.Final]
	at io.undertow.servlet.handlers.FilterHandler$FilterChainImpl.doFilter(FilterHandler.java:131) ~[undertow-servlet-2.3.12.Final.jar!/:2.3.12.Final]
	at org.springframework.web.filter.FormContentFilter.doFilterInternal(FormContentFilter.java:93) ~[spring-web-6.1.6.jar!/:6.1.6]
	at org.springframework.web.filter.OncePerRequestFilter.doFilter(OncePerRequestFilter.java:116) ~[spring-web-6.1.6.jar!/:6.1.6]
	at io.undertow.servlet.core.ManagedFilter.doFilter(ManagedFilter.java:67) ~[undertow-servlet-2.3.12.Final.jar!/:2.3.12.Final]
	at io.undertow.servlet.handlers.FilterHandler$FilterChainImpl.doFilter(FilterHandler.java:131) ~[undertow-servlet-2.3.12.Final.jar!/:2.3.12.Final]
	at org.springframework.web.filter.ServerHttpObservationFilter.doFilterInternal(ServerHttpObservationFilter.java:109) ~[spring-web-6.1.6.jar!/:6.1.6]
	at org.springframework.web.filter.OncePerRequestFilter.doFilter(OncePerRequestFilter.java:116) ~[spring-web-6.1.6.jar!/:6.1.6]
	at io.undertow.servlet.core.ManagedFilter.doFilter(ManagedFilter.java:67) ~[undertow-servlet-2.3.12.Final.jar!/:2.3.12.Final]
	at io.undertow.servlet.handlers.FilterHandler$FilterChainImpl.doFilter(FilterHandler.java:131) ~[undertow-servlet-2.3.12.Final.jar!/:2.3.12.Final]
	at org.springframework.web.filter.CharacterEncodingFilter.doFilterInternal(CharacterEncodingFilter.java:201) ~[spring-web-6.1.6.jar!/:6.1.6]
	at org.springframework.web.filter.OncePerRequestFilter.doFilter(OncePerRequestFilter.java:116) ~[spring-web-6.1.6.jar!/:6.1.6]
	at io.undertow.servlet.core.ManagedFilter.doFilter(ManagedFilter.java:67) ~[undertow-servlet-2.3.12.Final.jar!/:2.3.12.Final]
	at io.undertow.servlet.handlers.FilterHandler$FilterChainImpl.doFilter(FilterHandler.java:131) ~[undertow-servlet-2.3.12.Final.jar!/:2.3.12.Final]
	at io.undertow.servlet.handlers.FilterHandler.handleRequest(FilterHandler.java:84) ~[undertow-servlet-2.3.12.Final.jar!/:2.3.12.Final]
	at io.undertow.servlet.handlers.security.ServletSecurityRoleHandler.handleRequest(ServletSecurityRoleHandler.java:62) ~[undertow-servlet-2.3.12.Final.jar!/:2.3.12.Final]
	at io.undertow.servlet.handlers.ServletChain$1.handleRequest(ServletChain.java:68) ~[undertow-servlet-2.3.12.Final.jar!/:2.3.12.Final]
	at io.undertow.servlet.handlers.ServletDispatchingHandler.handleRequest(ServletDispatchingHandler.java:36) ~[undertow-servlet-2.3.12.Final.jar!/:2.3.12.Final]
	at io.undertow.servlet.handlers.RedirectDirHandler.handleRequest(RedirectDirHandler.java:68) ~[undertow-servlet-2.3.12.Final.jar!/:2.3.12.Final]
	at io.undertow.servlet.handlers.security.SSLInformationAssociationHandler.handleRequest(SSLInformationAssociationHandler.java:117) ~[undertow-servlet-2.3.12.Final.jar!/:2.3.12.Final]
	at io.undertow.servlet.handlers.security.ServletAuthenticationCallHandler.handleRequest(ServletAuthenticationCallHandler.java:57) ~[undertow-servlet-2.3.12.Final.jar!/:2.3.12.Final]
	at io.undertow.server.handlers.PredicateHandler.handleRequest(PredicateHandler.java:43) ~[undertow-core-2.3.12.Final.jar!/:2.3.12.Final]
	at io.undertow.security.handlers.AbstractConfidentialityHandler.handleRequest(AbstractConfidentialityHandler.java:46) ~[undertow-core-2.3.12.Final.jar!/:2.3.12.Final]
	at io.undertow.servlet.handlers.security.ServletConfidentialityConstraintHandler.handleRequest(ServletConfidentialityConstraintHandler.java:64) ~[undertow-servlet-2.3.12.Final.jar!/:2.3.12.Final]
	at io.undertow.security.handlers.AuthenticationMechanismsHandler.handleRequest(AuthenticationMechanismsHandler.java:60) ~[undertow-core-2.3.12.Final.jar!/:2.3.12.Final]
	at io.undertow.servlet.handlers.security.CachedAuthenticatedSessionHandler.handleRequest(CachedAuthenticatedSessionHandler.java:77) ~[undertow-servlet-2.3.12.Final.jar!/:2.3.12.Final]
	at io.undertow.security.handlers.AbstractSecurityContextAssociationHandler.handleRequest(AbstractSecurityContextAssociationHandler.java:43) ~[undertow-core-2.3.12.Final.jar!/:2.3.12.Final]
	at io.undertow.server.handlers.PredicateHandler.handleRequest(PredicateHandler.java:43) ~[undertow-core-2.3.12.Final.jar!/:2.3.12.Final]
	at io.undertow.servlet.handlers.SendErrorPageHandler.handleRequest(SendErrorPageHandler.java:52) ~[undertow-servlet-2.3.12.Final.jar!/:2.3.12.Final]
	at io.undertow.server.handlers.PredicateHandler.handleRequest(PredicateHandler.java:43) ~[undertow-core-2.3.12.Final.jar!/:2.3.12.Final]
	at io.undertow.servlet.handlers.ServletInitialHandler.handleFirstRequest(ServletInitialHandler.java:276) ~[undertow-servlet-2.3.12.Final.jar!/:2.3.12.Final]
	at io.undertow.servlet.handlers.ServletInitialHandler$2.call(ServletInitialHandler.java:135) ~[undertow-servlet-2.3.12.Final.jar!/:2.3.12.Final]
	at io.undertow.servlet.handlers.ServletInitialHandler$2.call(ServletInitialHandler.java:132) ~[undertow-servlet-2.3.12.Final.jar!/:2.3.12.Final]
	at io.undertow.servlet.core.ServletRequestContextThreadSetupAction$1.call(ServletRequestContextThreadSetupAction.java:48) ~[undertow-servlet-2.3.12.Final.jar!/:2.3.12.Final]
	at io.undertow.servlet.core.ContextClassLoaderSetupAction$1.call(ContextClassLoaderSetupAction.java:43) ~[undertow-servlet-2.3.12.Final.jar!/:2.3.12.Final]
	at io.undertow.servlet.handlers.ServletInitialHandler.dispatchRequest(ServletInitialHandler.java:256) ~[undertow-servlet-2.3.12.Final.jar!/:2.3.12.Final]
	at io.undertow.servlet.handlers.ServletInitialHandler$1.handleRequest(ServletInitialHandler.java:101) ~[undertow-servlet-2.3.12.Final.jar!/:2.3.12.Final]
	at io.undertow.server.Connectors.executeRootHandler(Connectors.java:393) ~[undertow-core-2.3.12.Final.jar!/:2.3.12.Final]
	at io.undertow.server.HttpServerExchange$1.run(HttpServerExchange.java:859) ~[undertow-core-2.3.12.Final.jar!/:2.3.12.Final]
	at org.jboss.threads.ContextHandler$1.runWith(ContextHandler.java:18) ~[jboss-threads-3.5.0.Final.jar!/:3.5.0.Final]
	at org.jboss.threads.EnhancedQueueExecutor$Task.run(EnhancedQueueExecutor.java:2513) ~[jboss-threads-3.5.0.Final.jar!/:3.5.0.Final]
	at org.jboss.threads.EnhancedQueueExecutor$ThreadBody.run(EnhancedQueueExecutor.java:1538) ~[jboss-threads-3.5.0.Final.jar!/:3.5.0.Final]
	at org.xnio.XnioWorker$WorkerThreadFactory$1$1.run(XnioWorker.java:1282) ~[xnio-api-3.8.8.Final.jar!/:3.8.8.Final]
	at java.base/java.lang.Thread.run(Thread.java:840) ~[na:na]

2026-03-08T03:19:52.159+08:00  INFO 1111147 --- [spring-boot-init-template] [  XNIO-1 task-2] ShardingSphere-SQL                       : Logic SQL: SELECT 1
2026-03-08T03:19:52.159+08:00  INFO 1111147 --- [spring-boot-init-template] [  XNIO-1 task-2] ShardingSphere-SQL                       : Actual SQL(simple): [ds_master] ::: 1
2026-03-08T03:19:52.237+08:00 DEBUG 1111147 --- [spring-boot-init-template] [  XNIO-1 task-2] t.s.s.mapper.UserMapper.selectCount      : ==>  Preparing: SELECT COUNT( * ) AS total FROM t_user WHERE is_deleted=0 AND (user_account = ?)
2026-03-08T03:19:52.240+08:00 DEBUG 1111147 --- [spring-boot-init-template] [  XNIO-1 task-2] t.s.s.mapper.UserMapper.selectCount      : ==> Parameters: newuser(String)
2026-03-08T03:19:52.241+08:00  INFO 1111147 --- [spring-boot-init-template] [  XNIO-1 task-2] ShardingSphere-SQL                       : Logic SQL: SELECT COUNT( * ) AS total FROM t_user  WHERE is_deleted=0     AND (user_account = ?)
2026-03-08T03:19:52.242+08:00  INFO 1111147 --- [spring-boot-init-template] [  XNIO-1 task-2] ShardingSphere-SQL                       : Actual SQL(simple): [ds_master] ::: 1
2026-03-08T03:19:52.316+08:00 DEBUG 1111147 --- [spring-boot-init-template] [  XNIO-1 task-2] t.s.s.mapper.UserMapper.selectCount      : <==      Total: 1
2026-03-08T03:19:52.321+08:00  INFO 1111147 --- [spring-boot-init-template] [  XNIO-1 task-2] e.p.i.DataChangeRecorderInnerInterceptor : {"tableName":"t_user","operation":"insert","recordStatus":"true","changedData":[{"IS_DELETED":"null->0","USER_AVATAR_ID":"null->-1","USER_PASSWORD":"null->123456","USER_EMAIL":"null->newuser@test.com","USER_STATE":"null->0","USER_NAME":"null->新用户","CREATE_TIME":"null->2026-03-08T03:19:52.318566704","UPDATE_TIME":"null->2026-03-08T03:19:52.318519980","USER_ROLE":"null->user","USER_ACCOUNT":"null->newuser"}],"cost(ms)":3}
2026-03-08T03:19:52.322+08:00 DEBUG 1111147 --- [spring-boot-init-template] [  XNIO-1 task-2] t.s.s.mapper.UserMapper.insert           : ==>  Preparing: INSERT INTO t_user ( user_account, user_password, user_email, user_name, user_avatar_id, user_role, user_state, create_time, update_time, is_deleted ) VALUES ( ?, ?, ?, ?, ?, ?, ?, ?, ?, ? )
2026-03-08T03:19:52.324+08:00 DEBUG 1111147 --- [spring-boot-init-template] [  XNIO-1 task-2] t.s.s.mapper.UserMapper.insert           : ==> Parameters: newuser(String), 123456(String), newuser@test.com(String), 新用户(String), -1(Long), user(String), 0(Integer), 2026-03-08T03:19:52.318566704(LocalDateTime), 2026-03-08T03:19:52.318519980(LocalDateTime), 0(Integer)
2026-03-08T03:19:52.325+08:00  INFO 1111147 --- [spring-boot-init-template] [  XNIO-1 task-2] ShardingSphere-SQL                       : Logic SQL: INSERT INTO t_user  ( user_account, user_password, user_email,  user_name, user_avatar_id, user_role, user_state, create_time, update_time, is_deleted )  VALUES (  ?, ?, ?,  ?, ?, ?, ?, ?, ?, ?  )
2026-03-08T03:19:52.325+08:00  INFO 1111147 --- [spring-boot-init-template] [  XNIO-1 task-2] ShardingSphere-SQL                       : Actual SQL(simple): [ds_master] ::: 1
2026-03-08T03:19:52.400+08:00 DEBUG 1111147 --- [spring-boot-init-template] [  XNIO-1 task-2] t.s.s.mapper.UserMapper.insert           : <==    Updates: 1
2026-03-08T03:19:52.483+08:00  WARN 1111147 --- [spring-boot-init-template] [  XNIO-1 task-2] t.s.s.utils.net.NetUtils                 : IP region searcher not available: No qualifying bean of type 'org.lionsoul.ip2region.xdb.Searcher' available
2026-03-08T03:19:52.490+08:00  INFO 1111147 --- [spring-boot-init-template] [  XNIO-1 task-2] e.p.i.DataChangeRecorderInnerInterceptor : {"tableName":"t_log","operation":"insert","recordStatus":"true","changedData":[{"LOG_DESCRIPTION":"null->管理员添加用户信息","IS_DELETED":"null->0","LOG_TIME":"null->326","LOG_RESULT":"null->0","LOG_JSON":"null->{\"msg\":\"添加成功\",\"code\":200}","LOG_IP":"null->127.0.0.1","UPDATE_TIME":"null->2026-03-08T03:19:52.484895260","LOG_URI":"null->/api/user/add","LOG_REQUEST_METHOD":"null->POST","LOG_METHOD":"null->top.sharehome.springbootinittemplate.controller.user.UserController.addUser","LOG_USER_ID":"null->1900","LOG_PARAM":"null->{\"name\":\"新用户\",\"account\":\"newuser\"}","LOG_LOCATION":"null->Unknown","ID":"null->2030362816740384769","CREATE_TIME":"null->2026-03-08T03:19:52.484925837","LOG_OPERATOR":"null->1"}],"cost(ms)":5}
2026-03-08T03:19:52.491+08:00 DEBUG 1111147 --- [spring-boot-init-template] [  XNIO-1 task-2] t.s.s.mapper.LogMapper.insert            : ==>  Preparing: INSERT INTO t_log ( log_id, log_uri, log_description, log_operator, log_request_method, log_method, log_user_id, log_ip, log_location, log_param, log_result, log_json, log_time, create_time, update_time, is_deleted ) VALUES ( ?, ?, ?, ?, ?, ?, ?, ?, ?, ?, ?, ?, ?, ?, ?, ? )
2026-03-08T03:19:52.493+08:00 DEBUG 1111147 --- [spring-boot-init-template] [  XNIO-1 task-2] t.s.s.mapper.LogMapper.insert            : ==> Parameters: 2030362816740384769(Long), /api/user/add(String), 管理员添加用户信息(String), 1(Integer), POST(String), top.sharehome.springbootinittemplate.controller.user.UserController.addUser(String), 1900(Long), 127.0.0.1(String), Unknown(String), {"name":"新用户","account":"newuser"}(String), 0(Integer), {"msg":"添加成功","code":200}(String), 326(Long), 2026-03-08T03:19:52.484925837(LocalDateTime), 2026-03-08T03:19:52.484895260(LocalDateTime), 0(Integer)
2026-03-08T03:19:52.494+08:00  INFO 1111147 --- [spring-boot-init-template] [  XNIO-1 task-2] ShardingSphere-SQL                       : Logic SQL: INSERT INTO t_log  ( log_id, log_uri, log_description, log_operator, log_request_method, log_method, log_user_id, log_ip, log_location, log_param, log_result, log_json, log_time, create_time, update_time, is_deleted )  VALUES (  ?, ?, ?, ?, ?, ?, ?, ?, ?, ?, ?, ?, ?, ?, ?, ?  )
2026-03-08T03:19:52.494+08:00  INFO 1111147 --- [spring-boot-init-template] [  XNIO-1 task-2] ShardingSphere-SQL                       : Actual SQL(simple): [ds_master] ::: 1
2026-03-08T03:19:52.573+08:00 DEBUG 1111147 --- [spring-boot-init-template] [  XNIO-1 task-2] t.s.s.mapper.LogMapper.insert            : <==    Updates: 1
2026-03-08T03:19:54.776+08:00  INFO 1111147 --- [spring-boot-init-template] [  XNIO-1 task-2] ShardingSphere-SQL                       : Logic SQL: SELECT 1
2026-03-08T03:19:54.776+08:00  INFO 1111147 --- [spring-boot-init-template] [  XNIO-1 task-2] ShardingSphere-SQL                       : Actual SQL(simple): [ds_master] ::: 1
2026-03-08T03:19:54.852+08:00 DEBUG 1111147 --- [spring-boot-init-template] [  XNIO-1 task-2] t.s.s.mapper.UserMapper.selectCount      : ==>  Preparing: SELECT COUNT( * ) AS total FROM t_user WHERE is_deleted=0 AND (user_account = ?)
2026-03-08T03:19:54.855+08:00 DEBUG 1111147 --- [spring-boot-init-template] [  XNIO-1 task-2] t.s.s.mapper.UserMapper.selectCount      : ==> Parameters: admin2(String)
2026-03-08T03:19:54.856+08:00  INFO 1111147 --- [spring-boot-init-template] [  XNIO-1 task-2] ShardingSphere-SQL                       : Logic SQL: SELECT COUNT( * ) AS total FROM t_user  WHERE is_deleted=0     AND (user_account = ?)
2026-03-08T03:19:54.856+08:00  INFO 1111147 --- [spring-boot-init-template] [  XNIO-1 task-2] ShardingSphere-SQL                       : Actual SQL(simple): [ds_master] ::: 1
2026-03-08T03:19:54.933+08:00 DEBUG 1111147 --- [spring-boot-init-template] [  XNIO-1 task-2] t.s.s.mapper.UserMapper.selectCount      : <==      Total: 1
2026-03-08T03:19:54.939+08:00  INFO 1111147 --- [spring-boot-init-template] [  XNIO-1 task-2] e.p.i.DataChangeRecorderInnerInterceptor : {"tableName":"t_user","operation":"insert","recordStatus":"true","changedData":[{"IS_DELETED":"null->0","USER_AVATAR_ID":"null->-1","USER_PASSWORD":"null->123456","USER_EMAIL":"null->admin2@test.com","USER_STATE":"null->0","USER_NAME":"null->新管理员","CREATE_TIME":"null->2026-03-08T03:19:54.934871218","UPDATE_TIME":"null->2026-03-08T03:19:54.934820229","USER_ROLE":"null->user","USER_ACCOUNT":"null->admin2"}],"cost(ms)":4}
2026-03-08T03:19:54.939+08:00 DEBUG 1111147 --- [spring-boot-init-template] [  XNIO-1 task-2] t.s.s.mapper.UserMapper.insert           : ==>  Preparing: INSERT INTO t_user ( user_account, user_password, user_email, user_name, user_avatar_id, user_role, user_state, create_time, update_time, is_deleted ) VALUES ( ?, ?, ?, ?, ?, ?, ?, ?, ?, ? )
2026-03-08T03:19:54.942+08:00 DEBUG 1111147 --- [spring-boot-init-template] [  XNIO-1 task-2] t.s.s.mapper.UserMapper.insert           : ==> Parameters: admin2(String), 123456(String), admin2@test.com(String), 新管理员(String), -1(Long), user(String), 0(Integer), 2026-03-08T03:19:54.934871218(LocalDateTime), 2026-03-08T03:19:54.934820229(LocalDateTime), 0(Integer)
2026-03-08T03:19:54.944+08:00  INFO 1111147 --- [spring-boot-init-template] [  XNIO-1 task-2] ShardingSphere-SQL                       : Logic SQL: INSERT INTO t_user  ( user_account, user_password, user_email,  user_name, user_avatar_id, user_role, user_state, create_time, update_time, is_deleted )  VALUES (  ?, ?, ?,  ?, ?, ?, ?, ?, ?, ?  )
2026-03-08T03:19:54.944+08:00  INFO 1111147 --- [spring-boot-init-template] [  XNIO-1 task-2] ShardingSphere-SQL                       : Actual SQL(simple): [ds_master] ::: 1
2026-03-08T03:19:55.017+08:00 DEBUG 1111147 --- [spring-boot-init-template] [  XNIO-1 task-2] t.s.s.mapper.UserMapper.insert           : <==    Updates: 1
2026-03-08T03:19:55.097+08:00  WARN 1111147 --- [spring-boot-init-template] [  XNIO-1 task-2] t.s.s.utils.net.NetUtils                 : IP region searcher not available: No qualifying bean of type 'org.lionsoul.ip2region.xdb.Searcher' available
2026-03-08T03:19:55.104+08:00  INFO 1111147 --- [spring-boot-init-template] [  XNIO-1 task-2] e.p.i.DataChangeRecorderInnerInterceptor : {"tableName":"t_log","operation":"insert","recordStatus":"true","changedData":[{"LOG_DESCRIPTION":"null->管理员添加用户信息","IS_DELETED":"null->0","LOG_TIME":"null->326","LOG_RESULT":"null->0","LOG_JSON":"null->{\"msg\":\"添加成功\",\"code\":200}","LOG_IP":"null->127.0.0.1","UPDATE_TIME":"null->2026-03-08T03:19:55.099568767","LOG_URI":"null->/api/user/add","LOG_REQUEST_METHOD":"null->POST","LOG_METHOD":"null->top.sharehome.springbootinittemplate.controller.user.UserController.addUser","LOG_USER_ID":"null->1900","LOG_PARAM":"null->{\"name\":\"新管理员\",\"account\":\"admin2\"}","LOG_LOCATION":"null->Unknown","ID":"null->2030362827704295425","CREATE_TIME":"null->2026-03-08T03:19:55.099602151","LOG_OPERATOR":"null->1"}],"cost(ms)":4}
2026-03-08T03:19:55.105+08:00 DEBUG 1111147 --- [spring-boot-init-template] [  XNIO-1 task-2] t.s.s.mapper.LogMapper.insert            : ==>  Preparing: INSERT INTO t_log ( log_id, log_uri, log_description, log_operator, log_request_method, log_method, log_user_id, log_ip, log_location, log_param, log_result, log_json, log_time, create_time, update_time, is_deleted ) VALUES ( ?, ?, ?, ?, ?, ?, ?, ?, ?, ?, ?, ?, ?, ?, ?, ? )
2026-03-08T03:19:55.107+08:00 DEBUG 1111147 --- [spring-boot-init-template] [  XNIO-1 task-2] t.s.s.mapper.LogMapper.insert            : ==> Parameters: 2030362827704295425(Long), /api/user/add(String), 管理员添加用户信息(String), 1(Integer), POST(String), top.sharehome.springbootinittemplate.controller.user.UserController.addUser(String), 1900(Long), 127.0.0.1(String), Unknown(String), {"name":"新管理员","account":"admin2"}(String), 0(Integer), {"msg":"添加成功","code":200}(String), 326(Long), 2026-03-08T03:19:55.099602151(LocalDateTime), 2026-03-08T03:19:55.099568767(LocalDateTime), 0(Integer)
2026-03-08T03:19:55.108+08:00  INFO 1111147 --- [spring-boot-init-template] [  XNIO-1 task-2] ShardingSphere-SQL                       : Logic SQL: INSERT INTO t_log  ( log_id, log_uri, log_description, log_operator, log_request_method, log_method, log_user_id, log_ip, log_location, log_param, log_result, log_json, log_time, create_time, update_time, is_deleted )  VALUES (  ?, ?, ?, ?, ?, ?, ?, ?, ?, ?, ?, ?, ?, ?, ?, ?  )
2026-03-08T03:19:55.108+08:00  INFO 1111147 --- [spring-boot-init-template] [  XNIO-1 task-2] ShardingSphere-SQL                       : Actual SQL(simple): [ds_master] ::: 1
2026-03-08T03:19:55.187+08:00 DEBUG 1111147 --- [spring-boot-init-template] [  XNIO-1 task-2] t.s.s.mapper.LogMapper.insert            : <==    Updates: 1
2026-03-08T03:20:08.835+08:00  INFO 1111147 --- [spring-boot-init-template] [  XNIO-1 task-2] ShardingSphere-SQL                       : Logic SQL: SELECT 1
2026-03-08T03:20:08.836+08:00  INFO 1111147 --- [spring-boot-init-template] [  XNIO-1 task-2] ShardingSphere-SQL                       : Actual SQL(simple): [ds_master] ::: 1
2026-03-08T03:20:08.917+08:00 DEBUG 1111147 --- [spring-boot-init-template] [  XNIO-1 task-2] t.s.s.mapper.UserMapper.selectList       : ==>  Preparing: SELECT user_id AS id,user_account AS account,user_password AS password,user_email AS email,user_login_num AS loginNum,user_name AS name,user_avatar_id AS avatarId,user_role AS role,user_state AS state,create_time,update_time,is_deleted AS deleted,integral,phone FROM t_user WHERE is_deleted=0 AND (user_account = ? OR user_email = ?) limit 1
2026-03-08T03:20:08.920+08:00 DEBUG 1111147 --- [spring-boot-init-template] [  XNIO-1 task-2] t.s.s.mapper.UserMapper.selectList       : ==> Parameters: auditor(String), auditor(String)
2026-03-08T03:20:08.921+08:00  INFO 1111147 --- [spring-boot-init-template] [  XNIO-1 task-2] ShardingSphere-SQL                       : Logic SQL: SELECT  user_id AS id,user_account AS account,user_password AS password,user_email AS email,user_login_num AS loginNum,user_name AS name,user_avatar_id AS avatarId,user_role AS role,user_state AS state,create_time,update_time,is_deleted AS deleted,integral,phone  FROM t_user  WHERE is_deleted=0     AND (user_account = ? OR user_email = ?) limit 1
2026-03-08T03:20:08.922+08:00  INFO 1111147 --- [spring-boot-init-template] [  XNIO-1 task-2] ShardingSphere-SQL                       : Actual SQL(simple): [ds_master] ::: 1
2026-03-08T03:20:09.001+08:00 DEBUG 1111147 --- [spring-boot-init-template] [  XNIO-1 task-2] t.s.s.mapper.UserMapper.selectList       : <==      Total: 1
[32mSA [INFO] -->: SaSession [Authorization:login:session:1902] 创建成功[39m
[32mSA [INFO] -->: 账号 1902 登录成功 (loginType=login), 会话凭证 token=LS_7OMJHmC8fPJjVv_OZM6BRO2cG2RCNfb__[39m
2026-03-08T03:20:09.083+08:00  WARN 1111147 --- [spring-boot-init-template] [  XNIO-1 task-2] t.s.s.utils.net.NetUtils                 : IP region searcher not available: No qualifying bean of type 'org.lionsoul.ip2region.xdb.Searcher' available
2026-03-08T03:20:09.091+08:00  INFO 1111147 --- [spring-boot-init-template] [  XNIO-1 task-2] e.p.i.DataChangeRecorderInnerInterceptor : {"tableName":"t_log","operation":"insert","recordStatus":"true","changedData":[{"LOG_DESCRIPTION":"null->用户登录","IS_DELETED":"null->0","LOG_TIME":"null->250","LOG_RESULT":"null->0","LOG_JSON":"null->{\"msg\":\"登录成功\",\"code\":200,\"data\":{\"res\":{\"account\":\"auditor\",\"avatarId\":-1,\"email\":\"auditor@test.com\",\"id\":1902,\"integral\":0.0,\"name\":\"测试审核员\",\"role\":\"auditor\"}}}","LOG_IP":"null->127.0.0.1","UPDATE_TIME":"null->2026-03-08T03:20:09.084680778","LOG_URI":"null->/api/auth/login","LOG_REQUEST_METHOD":"null->POST","LOG_METHOD":"null->top.sharehome.springbootinittemplate.controller.AuthController.login","LOG_USER_ID":"null->1902","LOG_PARAM":"null->{\"account\":\"auditor\"}","LOG_LOCATION":"null->Unknown","ID":"null->2030362886361636866","CREATE_TIME":"null->2026-03-08T03:20:09.084726077","LOG_OPERATOR":"null->0"}],"cost(ms)":6}
2026-03-08T03:20:09.091+08:00 DEBUG 1111147 --- [spring-boot-init-template] [  XNIO-1 task-2] t.s.s.mapper.LogMapper.insert            : ==>  Preparing: INSERT INTO t_log ( log_id, log_uri, log_description, log_operator, log_request_method, log_method, log_user_id, log_ip, log_location, log_param, log_result, log_json, log_time, create_time, update_time, is_deleted ) VALUES ( ?, ?, ?, ?, ?, ?, ?, ?, ?, ?, ?, ?, ?, ?, ?, ? )
2026-03-08T03:20:09.093+08:00 DEBUG 1111147 --- [spring-boot-init-template] [  XNIO-1 task-2] t.s.s.mapper.LogMapper.insert            : ==> Parameters: 2030362886361636866(Long), /api/auth/login(String), 用户登录(String), 0(Integer), POST(String), top.sharehome.springbootinittemplate.controller.AuthController.login(String), 1902(Long), 127.0.0.1(String), Unknown(String), {"account":"auditor"}(String), 0(Integer), {"msg":"登录成功","code":200,"data":{"res":{"account":"auditor","avatarId":-1,"email":"auditor@test.com","id":1902,"integral":0.0,"name":"测试审核员","role":"auditor"}}}(String), 250(Long), 2026-03-08T03:20:09.084726077(LocalDateTime), 2026-03-08T03:20:09.084680778(LocalDateTime), 0(Integer)
2026-03-08T03:20:09.094+08:00  INFO 1111147 --- [spring-boot-init-template] [  XNIO-1 task-2] ShardingSphere-SQL                       : Logic SQL: INSERT INTO t_log  ( log_id, log_uri, log_description, log_operator, log_request_method, log_method, log_user_id, log_ip, log_location, log_param, log_result, log_json, log_time, create_time, update_time, is_deleted )  VALUES (  ?, ?, ?, ?, ?, ?, ?, ?, ?, ?, ?, ?, ?, ?, ?, ?  )
2026-03-08T03:20:09.094+08:00  INFO 1111147 --- [spring-boot-init-template] [  XNIO-1 task-2] ShardingSphere-SQL                       : Actual SQL(simple): [ds_master] ::: 1
2026-03-08T03:20:09.174+08:00 DEBUG 1111147 --- [spring-boot-init-template] [  XNIO-1 task-2] t.s.s.mapper.LogMapper.insert            : <==    Updates: 1
2026-03-08T03:20:11.778+08:00  INFO 1111147 --- [spring-boot-init-template] [  XNIO-1 task-2] ShardingSphere-SQL                       : Logic SQL: SELECT 1
2026-03-08T03:20:11.779+08:00  INFO 1111147 --- [spring-boot-init-template] [  XNIO-1 task-2] ShardingSphere-SQL                       : Actual SQL(simple): [ds_master] ::: 1
2026-03-08T03:20:11.901+08:00 DEBUG 1111147 --- [spring-boot-init-template] [  XNIO-1 task-2] t.s.s.m.UserMapper.selectList_mpCount    : ==>  Preparing: SELECT COUNT(*) AS total FROM t_user WHERE is_deleted = 0
2026-03-08T03:20:11.903+08:00 DEBUG 1111147 --- [spring-boot-init-template] [  XNIO-1 task-2] t.s.s.m.UserMapper.selectList_mpCount    : ==> Parameters: 
2026-03-08T03:20:11.904+08:00  INFO 1111147 --- [spring-boot-init-template] [  XNIO-1 task-2] ShardingSphere-SQL                       : Logic SQL: SELECT COUNT(*) AS total FROM t_user WHERE is_deleted = 0
2026-03-08T03:20:11.904+08:00  INFO 1111147 --- [spring-boot-init-template] [  XNIO-1 task-2] ShardingSphere-SQL                       : Actual SQL(simple): [ds_master] ::: 1
2026-03-08T03:20:11.978+08:00 DEBUG 1111147 --- [spring-boot-init-template] [  XNIO-1 task-2] t.s.s.m.UserMapper.selectList_mpCount    : <==      Total: 1
2026-03-08T03:20:11.980+08:00 DEBUG 1111147 --- [spring-boot-init-template] [  XNIO-1 task-2] t.s.s.mapper.UserMapper.selectList       : ==>  Preparing: SELECT user_id AS id,user_account AS account,user_password AS password,user_email AS email,user_login_num AS loginNum,user_name AS name,user_avatar_id AS avatarId,user_role AS role,user_state AS state,create_time,update_time,is_deleted AS deleted,integral,phone FROM t_user WHERE is_deleted=0 ORDER BY create_time ASC LIMIT ?
2026-03-08T03:20:11.982+08:00 DEBUG 1111147 --- [spring-boot-init-template] [  XNIO-1 task-2] t.s.s.mapper.UserMapper.selectList       : ==> Parameters: 500(Long)
2026-03-08T03:20:11.983+08:00  INFO 1111147 --- [spring-boot-init-template] [  XNIO-1 task-2] ShardingSphere-SQL                       : Logic SQL: SELECT  user_id AS id,user_account AS account,user_password AS password,user_email AS email,user_login_num AS loginNum,user_name AS name,user_avatar_id AS avatarId,user_role AS role,user_state AS state,create_time,update_time,is_deleted AS deleted,integral,phone  FROM t_user  WHERE is_deleted=0       ORDER BY create_time ASC LIMIT ?
2026-03-08T03:20:11.983+08:00  INFO 1111147 --- [spring-boot-init-template] [  XNIO-1 task-2] ShardingSphere-SQL                       : Actual SQL(simple): [ds_master] ::: 1
2026-03-08T03:20:12.078+08:00 DEBUG 1111147 --- [spring-boot-init-template] [  XNIO-1 task-2] t.s.s.mapper.UserMapper.selectList       : <==      Total: 5
2026-03-08T03:20:12.199+08:00  WARN 1111147 --- [spring-boot-init-template] [  XNIO-1 task-2] t.s.s.utils.net.NetUtils                 : IP region searcher not available: No qualifying bean of type 'org.lionsoul.ip2region.xdb.Searcher' available
2026-03-08T03:20:12.207+08:00  INFO 1111147 --- [spring-boot-init-template] [  XNIO-1 task-2] e.p.i.DataChangeRecorderInnerInterceptor : {"tableName":"t_log","operation":"insert","recordStatus":"true","changedData":[{"LOG_DESCRIPTION":"null->管理员查询用户信息","IS_DELETED":"null->0","LOG_TIME":"null->423","LOG_RESULT":"null->0","LOG_JSON":"null->{\"msg\":\"操作成功\",\"code\":200,\"data\":{\"current\":1,\"pages\":1,\"records\":[{\"account\":\"admin\",\"avatarId\":-1,\"createTime\":\"2024-03-27 22:01:16\",\"email\":\"1911261716@qq.com\",\"id\":1900,\"name\":\"AntonyCheng\",\"role\":\"admin\",\"state\":0},{\"account\":\"user\",\"avatarId\":-1,\"createTime\":\"2024-03-27 22:01:17\",\"email\":\"1911261716@qq.com\",\"id\":1901,\"name\":\"AntonyCoding\",\"role\":\"user\",\"state\":0},{\"account\":\"auditor\",\"avatarId\":-1,\"createTime\":\"2026-03-08 03:19:32\",\"email\":\"auditor@test.com\",\"id\":1902,\"name\":\"测试审核员\",\"role\":\"auditor\",\"state\":0},{\"account\":\"newuser\",\"avatarId\":-1,\"createTime\":\"2026-03-08 03:19:52\",\"email\":\"newuser@test.com\",\"id\":1903,\"name\":\"新用户\",\"role\":\"user\",\"state\":0},{\"account\":\"admin2\",\"avatarId\":-1,\"createTime\":\"2026-03-08 03:19:55\",\"email\":\"admin2@test.com\",\"id\":1904,\"name\":\"新管理员\",\"role\":\"admin\",\"state\":0}],\"size\":500,\"total\":5}}","LOG_IP":"null->127.0.0.1","UPDATE_TIME":"null->2026-03-08T03:20:12.201088369","LOG_URI":"null->/api/user/page","LOG_REQUEST_METHOD":"null->GET","LOG_METHOD":"null->top.sharehome.springbootinittemplate.controller.user.UserController.pageUser","LOG_USER_ID":"null->1902","LOG_PARAM":"null->{}","LOG_LOCATION":"null->Unknown","ID":"null->2030362899435282433","CREATE_TIME":"null->2026-03-08T03:20:12.201127748","LOG_OPERATOR":"null->3"}],"cost(ms)":6}
2026-03-08T03:20:12.207+08:00 DEBUG 1111147 --- [spring-boot-init-template] [  XNIO-1 task-2] t.s.s.mapper.LogMapper.insert            : ==>  Preparing: INSERT INTO t_log ( log_id, log_uri, log_description, log_operator, log_request_method, log_method, log_user_id, log_ip, log_location, log_param, log_result, log_json, log_time, create_time, update_time, is_deleted ) VALUES ( ?, ?, ?, ?, ?, ?, ?, ?, ?, ?, ?, ?, ?, ?, ?, ? )
2026-03-08T03:20:12.210+08:00 DEBUG 1111147 --- [spring-boot-init-template] [  XNIO-1 task-2] t.s.s.mapper.LogMapper.insert            : ==> Parameters: 2030362899435282433(Long), /api/user/page(String), 管理员查询用户信息(String), 3(Integer), GET(String), top.sharehome.springbootinittemplate.controller.user.UserController.pageUser(String), 1902(Long), 127.0.0.1(String), Unknown(String), {}(String), 0(Integer), {"msg":"操作成功","code":200,"data":{"current":1,"pages":1,"records":[{"account":"admin","avatarId":-1,"createTime":"2024-03-27 22:01:16","email":"1911261716@qq.com","id":1900,"name":"AntonyCheng","role":"admin","state":0},{"account":"user","avatarId":-1,"createTime":"2024-03-27 22:01:17","email":"1911261716@qq.com","id":1901,"name":"AntonyCoding","role":"user","state":0},{"account":"auditor","avatarId":-1,"createTime":"2026-03-08 03:19:32","email":"auditor@test.com","id":1902,"name":"测试审核员","role":"auditor","state":0},{"account":"newuser","avatarId":-1,"createTime":"2026-03-08 03:19:52","email":"newuser@test.com","id":1903,"name":"新用户","role":"user","state":0},{"account":"admin2","avatarId":-1,"createTime":"2026-03-08 03:19:55","email":"admin2@test.com","id":1904,"name":"新管理员","role":"admin","state":0}],"size":500,"total":5}}(String), 423(Long), 2026-03-08T03:20:12.201127748(LocalDateTime), 2026-03-08T03:20:12.201088369(LocalDateTime), 0(Integer)
2026-03-08T03:20:12.211+08:00  INFO 1111147 --- [spring-boot-init-template] [  XNIO-1 task-2] ShardingSphere-SQL                       : Logic SQL: INSERT INTO t_log  ( log_id, log_uri, log_description, log_operator, log_request_method, log_method, log_user_id, log_ip, log_location, log_param, log_result, log_json, log_time, create_time, update_time, is_deleted )  VALUES (  ?, ?, ?, ?, ?, ?, ?, ?, ?, ?, ?, ?, ?, ?, ?, ?  )
2026-03-08T03:20:12.211+08:00  INFO 1111147 --- [spring-boot-init-template] [  XNIO-1 task-2] ShardingSphere-SQL                       : Actual SQL(simple): [ds_master] ::: 1
2026-03-08T03:20:12.288+08:00 DEBUG 1111147 --- [spring-boot-init-template] [  XNIO-1 task-2] t.s.s.mapper.LogMapper.insert            : <==    Updates: 1
